id,outDegree
2565,893
766,773
11,743
457,732
2688,618
1166,599
1549,587
1151,472
1374,462
1133,399
5524,389
5802,385
3642,362
4967,361
2972,357
1608,355
173,334
2485,324
311,321
3453,319
789,317
3449,314
5189,312
24,309
2658,307
1098,305
6,302
996,297
988,292
1305,290
2871,282
4310,278
68,275
3352,273
813,272
5079,271
3447,271
2651,269
722,264
4045,257
2326,252
826,249
2256,247
306,244
1542,244
5531,243
2237,241
3456,241
2967,238
993,238
737,232
3787,232
310,230
5697,230
4632,228
36,227
312,227
784,224
5800,222
1210,218
5179,217
3032,216
2328,215
4948,214
600,214
122,213
3641,212
5188,211
1496,210
3614,205
1922,204
4441,202
2713,200
319,199
1395,199
1055,196
87,195
6907,191
5796,191
6305,190
109,190
2369,189
3028,189
20,187
1428,183
8,182
1972,181
1319,181
2560,180
3381,180
6596,177
3026,175
2790,173
5022,172
4899,169
2700,168
4828,168
3457,166
825,165
2660,164
2297,164
72,164
1615,162
7047,161
6615,160
663,158
1167,158
1492,157
432,157
1470,156
1062,156
2686,156
3394,156
3586,156
4099,155
4483,153
5185,152
29,150
634,150
2693,149
922,149
3454,148
4036,147
3568,147
2576,146
47,146
769,146
2135,146
3976,145
2145,145
407,145
3615,144
3666,144
5814,144
2229,143
308,142
7052,142
2474,142
546,142
1772,141
2411,141
317,140
2859,139
5020,139
5655,139
1522,139
5176,139
1006,138
5543,137
1137,135
6624,135
1029,135
28,133
127,132
3452,131
4065,131
1808,129
2133,129
5103,127
2667,126
2842,124
2371,124
1279,124
2940,123
3010,123
172,123
7086,123
707,123
3402,122
5173,122
879,122
86,122
2120,122
556,121
4712,121
2062,121
2072,121
1352,121
2290,120
904,119
695,118
7057,118
1487,117
371,117
1350,117
1135,115
4073,115
5002,115
4653,114
3498,114
1594,114
14,114
788,113
2118,113
2653,113
3796,113
1919,112
1701,112
4219,112
2323,111
4070,111
946,110
71,109
6327,108
2623,108
2240,108
1200,107
710,105
1814,105
5582,105
2547,105
2654,104
6619,104
4040,104
1236,103
2473,103
2674,103
2707,103
27,102
1585,102
3479,102
4824,101
5177,101
3461,101
6494,101
7231,101
2504,100
697,100
6714,100
4550,100
215,100
3786,99
854,99
136,99
1521,99
3451,98
650,98
5822,98
7055,98
865,97
1767,97
4673,96
1717,96
1074,95
3691,95
110,95
2258,95
26,95
6914,95
3258,95
706,95
59,94
3813,94
143,94
742,93
3724,93
166,93
6620,93
1700,93
7092,93
2542,93
5857,92
3459,92
856,91
1357,91
1473,91
6618,91
3631,91
1820,90
25,90
805,90
3969,90
4044,89
42,89
7280,89
113,89
4046,89
3965,89
1756,89
3404,89
1097,88
3144,88
1997,88
3439,88
6270,88
3660,87
2872,87
1583,87
4076,86
1037,86
346,86
10,86
255,86
3728,85
6486,85
3956,85
4151,84
5816,84
5110,84
686,83
5806,83
3634,82
2559,82
3854,82
5998,81
6993,81
3541,81
3092,81
6359,81
1538,81
4536,81
9,81
1552,81
704,81
2702,80
5190,80
6032,80
128,80
941,80
1621,80
4353,80
339,80
94,80
4894,79
425,79
3276,79
5811,79
2747,79
1184,79
304,79
1555,79
1211,79
3168,79
182,79
4829,78
6299,78
986,77
6772,77
2557,77
2365,77
1247,77
4077,77
759,77
1221,77
315,77
4144,76
280,76
1297,76
6272,76
1748,76
21,76
5817,75
3682,75
5773,75
2236,75
6241,75
5263,75
2472,75
2704,75
2699,74
23,74
1075,74
151,74
1835,73
1614,73
4795,73
138,72
90,72
971,72
1471,72
2384,72
290,71
4598,71
2381,71
3522,71
2964,70
4437,70
7080,70
171,70
1697,70
2549,70
6443,70
1278,69
3274,69
2507,69
5123,69
3458,69
74,69
3191,68
1749,68
2510,68
4041,68
5184,68
103,68
3455,68
1612,68
763,68
6006,68
6946,68
1537,68
5818,67
1769,67
2299,67
635,66
2231,66
749,66
5439,66
5612,66
1202,66
1661,66
2387,66
1991,66
1215,65
35,65
1286,65
2174,65
978,65
4211,65
12,65
6934,65
2696,64
2605,64
3527,64
4138,64
3624,64
55,64
1489,64
2009,63
3366,63
178,63
5445,63
3635,63
2003,63
1380,63
4717,62
3084,62
4792,62
1129,62
1127,62
2932,62
1335,62
2398,62
154,61
2703,61
1267,61
841,61
5819,61
1204,61
2186,61
5301,61
1386,61
1111,60
1000,60
4964,60
3390,60
795,60
2585,60
46,59
5262,59
871,59
4688,59
80,59
6460,58
147,58
2264,58
6563,58
3291,58
1783,57
4686,57
3995,57
2356,57
1132,57
2909,57
1838,57
6941,57
3463,56
3192,56
259,56
1985,56
275,56
2988,55
3350,55
633,55
1734,55
4347,55
1667,55
2968,55
2093,55
6916,54
5102,54
6072,54
6510,54
5125,54
180,54
313,54
3462,54
4212,53
4981,53
4764,53
3812,53
79,53
6218,53
3477,53
2618,53
4276,52
6280,52
1483,52
5053,52
1424,52
3020,52
1381,52
5915,52
3055,52
3024,52
3601,52
7391,52
1253,51
5140,51
3009,51
708,51
1896,51
3297,51
15,50
4355,50
6627,50
2564,50
5696,50
3031,50
2832,50
231,50
1622,50
4488,50
7744,50
2440,50
4124,50
762,50
5871,50
2065,50
1691,50
1041,49
2375,49
2257,49
6906,49
5691,49
3142,49
2230,49
2595,49
1823,49
5180,49
2655,49
1500,48
3057,48
1462,48
3633,48
1799,48
2274,48
1644,48
3519,48
5423,48
5166,48
2298,48
1142,48
3814,47
1847,47
341,47
1705,47
2958,47
1762,47
982,47
2109,47
7225,47
1980,47
6951,47
689,47
2535,47
3794,46
5553,46
2774,46
1566,46
335,46
1051,46
2506,46
2619,46
643,46
4813,46
4662,46
4718,46
937,46
383,45
1259,45
4547,45
5739,45
17,45
2102,45
994,45
7733,45
3806,45
2594,45
2697,45
2379,45
844,45
1730,45
3571,45
3033,45
3015,44
2129,44
5714,44
4974,44
5457,44
2691,44
2981,44
5246,44
2516,44
2657,44
2851,44
3056,44
44,44
3643,44
1050,44
6913,44
6323,44
1009,44
1795,44
157,44
66,44
1885,44
1480,44
3902,43
1185,43
5028,43
3000,43
3375,43
4982,43
6560,43
1811,43
2822,43
4152,43
3478,42
4221,42
5934,42
1733,42
1550,42
2452,42
3062,42
3569,42
395,42
6784,42
5775,42
3916,42
956,42
3380,42
4127,41
5181,41
334,41
3378,41
6976,41
2156,41
5824,41
1419,41
78,41
1441,41
1506,41
5812,41
1813,41
1024,41
237,41
1042,41
3209,41
39,41
426,41
5839,41
5171,41
791,41
4222,41
3175,41
7054,40
1367,40
649,40
2768,40
4574,40
5404,40
3645,40
3562,40
4338,40
2677,40
282,39
1623,39
1032,39
2646,39
2831,39
3027,39
7614,39
2744,39
4364,39
1114,39
19,39
5529,39
3658,39
176,39
852,39
53,39
7449,39
236,39
7294,39
6043,39
2001,39
1164,39
2114,39
870,38
7378,38
2249,38
1501,38
4748,38
4297,38
1796,38
3659,38
2497,38
3034,38
58,38
2689,38
7056,37
139,37
3098,37
3095,37
187,37
3252,37
1384,37
5427,37
376,37
2416,37
2541,37
3088,37
5391,37
4142,37
1125,37
3661,36
974,36
1888,36
2935,36
1639,36
7045,36
5630,36
7682,36
2233,36
1891,36
4448,36
838,36
4725,36
2332,36
3290,36
1990,36
1241,35
6555,35
6243,35
2775,35
6360,35
1385,35
2435,35
1201,35
615,35
291,35
5175,35
3835,35
3345,35
2476,35
2923,35
1751,35
1525,35
7774,35
406,34
1977,34
1707,34
730,34
4756,34
582,34
2410,34
1291,34
2225,34
2546,34
4846,34
764,34
954,34
810,34
3073,34
1377,33
4564,33
1915,33
6736,33
6523,33
6518,33
3910,33
1875,33
3973,33
7598,33
1293,33
2912,33
5932,33
3392,33
1034,33
1368,33
1230,33
5254,33
5804,33
4074,33
2727,33
5106,33
647,32
5321,32
727,32
3630,32
5196,32
2169,32
2566,32
2593,32
3059,32
1390,32
4335,32
3985,32
161,32
5787,32
2276,32
6068,32
6900,31
6217,31
2272,31
626,31
6221,31
203,31
1962,31
1193,31
2209,31
5187,31
75,31
639,31
1792,31
1967,31
3304,31
7053,31
4487,31
4943,31
336,31
1285,31
2255,31
265,31
3006,31
7564,31
2456,31
3949,30
6023,30
1592,30
3748,30
140,30
842,30
4859,30
943,30
104,30
5342,30
41,30
2502,30
5596,30
7901,30
7132,30
998,30
3417,30
7727,30
269,30
1353,30
5487,30
580,30
340,30
125,29
4315,29
132,29
3521,29
1982,29
2765,29
2612,29
2900,29
6522,29
948,29
89,29
3917,29
111,29
5172,29
6552,29
1951,29
1063,29
816,29
1169,29
1596,29
2172,29
4,29
6398,29
5810,29
6665,29
4072,29
6918,29
872,29
4818,28
155,28
1497,28
2085,28
6458,28
4879,28
3523,28
5624,28
5479,28
7578,28
6483,28
3238,28
1547,28
150,28
6902,28
1837,28
2740,28
5606,28
705,28
3005,28
5006,28
4001,28
2226,28
2883,28
2983,28
7301,27
5872,27
4587,27
7490,27
644,27
5008,27
4781,27
4063,27
7900,27
5807,27
1564,27
1766,27
3792,27
5591,27
7049,27
3450,27
911,27
321,27
2010,27
947,27
2550,26
2948,26
1207,26
5059,26
836,26
3148,26
1482,26
1794,26
5437,26
5029,26
2690,26
2376,26
5532,26
2160,26
5446,26
3593,26
896,26
3948,26
6649,26
1463,26
4136,26
6097,26
583,26
7679,26
3072,25
7386,25
2251,25
126,25
77,25
3348,25
2613,25
7675,25
1688,25
325,25
142,25
4123,25
6020,25
637,25
254,25
226,25
2746,25
4709,25
4966,25
691,24
5316,24
7,24
51,24
99,24
3607,24
4843,24
7131,24
5233,24
3482,24
4261,24
1046,24
4666,24
5862,24
7865,24
545,24
1571,24
33,24
5155,24
1466,24
6774,24
899,24
3180,24
4433,24
56,24
1160,24
6123,24
7390,24
2620,24
4988,23
232,23
2144,23
5799,23
3,23
1013,23
7818,23
3960,23
5,23
4976,23
4273,23
6320,23
3469,23
4056,23
715,23
1754,23
5783,23
4687,23
2760,23
6421,23
7236,23
3798,23
2117,23
5199,22
2778,22
2252,22
7233,22
6156,22
3770,22
4363,22
3622,22
3196,22
2099,22
1868,22
935,22
3460,22
1203,22
5484,22
263,22
5295,22
5821,22
1925,22
2617,22
960,22
588,22
5617,22
2033,22
6766,22
1360,22
4455,22
3611,22
553,22
6488,22
1043,21
6538,21
5809,21
348,21
7239,21
5285,21
928,21
3110,21
4013,21
5692,21
5644,21
7350,21
2719,21
7046,21
201,21
5217,21
412,21
193,21
2488,21
1248,21
48,21
4042,21
6414,21
152,21
3445,21
2063,21
5485,21
7241,21
3470,21
7902,21
2838,21
8053,20
1235,20
1124,20
5820,20
4814,20
1918,20
4681,20
7772,20
3665,20
3982,20
1356,20
4191,20
403,20
1468,20
4788,20
2116,20
3081,20
1442,20
8047,20
3815,20
3188,20
3830,20
5999,20
37,20
3483,20
1284,20
3284,20
1553,20
4486,20
1800,20
1306,20
3443,20
2951,19
2701,19
1729,19
3379,19
712,19
223,19
2811,19
4661,19
2322,19
667,19
5243,19
7769,19
5454,19
5178,19
2925,19
177,19
8036,19
7279,19
7697,19
5382,19
3018,19
2692,19
3256,19
6865,19
5908,19
6229,19
4994,19
6994,19
405,19
6885,19
1031,19
7580,19
6316,19
7691,19
4534,19
5462,19
3227,19
192,19
1647,19
1803,19
2904,18
3145,18
6991,18
356,18
5193,18
7099,18
933,18
6945,18
3310,18
5037,18
6608,18
3321,18
2694,18
6616,18
1358,18
6220,18
1966,18
7120,18
5119,18
3480,18
4746,18
2819,18
3843,18
5317,18
2792,18
81,18
794,18
1732,18
6075,18
3785,18
4468,18
5684,18
1003,18
2706,18
7405,18
1670,18
587,18
3567,18
6082,18
2159,18
3326,18
4442,18
2647,18
145,18
2069,17
4937,17
4415,17
3466,17
5226,17
4224,17
199,17
5378,17
6024,17
179,17
2210,17
4071,17
4295,17
3912,17
1382,17
5452,17
6223,17
2176,17
3678,17
6377,17
67,17
6525,17
465,17
646,17
2285,17
1986,17
2368,17
6501,17
3481,17
62,17
6346,17
918,17
853,16
4980,16
5859,16
1290,16
2115,16
101,16
961,16
4476,16
1836,16
1510,16
4150,16
2737,16
3125,16
4557,16
981,16
1064,16
4111,16
3560,16
798,16
967,16
1234,16
645,16
1992,16
5805,16
1603,16
3961,16
8085,16
6924,16
2804,16
7511,16
3525,16
2855,16
1848,16
3488,16
5608,16
7063,16
5472,16
4162,16
5324,16
5296,16
8046,16
3767,16
674,16
5143,16
2171,16
1757,16
861,16
820,16
447,15
7980,15
6875,15
7335,15
823,15
7352,15
1931,15
2791,15
16,15
1613,15
4511,15
7021,15
3958,15
31,15
7400,15
7237,15
3333,15
3919,15
4489,15
4037,15
2974,15
3301,15
5203,15
6611,15
1947,15
5827,15
5200,15
4422,15
2215,15
2223,15
5616,15
5360,15
3872,15
3472,15
3731,15
5201,15
3127,15
564,15
7104,15
5772,15
3317,15
3714,15
4726,15
49,15
3388,15
4082,15
3007,15
249,15
3752,15
3842,15
4600,15
3587,15
1102,15
2698,15
7317,15
7100,15
4007,15
6848,14
5096,14
4531,14
7188,14
2889,14
1722,14
1143,14
2840,14
4682,14
1022,14
2206,14
4767,14
364,14
5738,14
5776,14
659,14
6855,14
620,14
3039,14
5250,14
1378,14
38,14
270,14
5012,14
3555,14
6198,14
2134,14
2608,14
2289,14
366,14
7043,14
5009,14
5099,14
2052,14
3041,14
3275,14
5534,14
1948,14
2364,14
5182,14
3556,14
5015,14
1720,14
1233,14
6170,14
7666,14
2241,14
2234,14
3719,14
4447,14
4527,14
499,14
3977,14
324,14
5952,14
50,14
7743,13
7685,13
2016,13
2683,13
586,13
73,13
3597,13
1589,13
3315,13
7766,13
1416,13
2596,13
7295,13
3172,13
6151,13
302,13
2711,13
224,13
5768,13
1964,13
7755,13
130,13
3343,13
328,13
1128,13
3877,13
2687,13
1165,13
5562,13
3035,13
5118,13
5940,13
2672,13
5207,13
4669,13
3334,13
1879,13
8107,13
7005,13
1582,13
2592,13
3225,13
5741,13
266,13
1937,13
859,13
4774,13
4963,13
2508,13
5150,13
3647,13
6479,13
7026,13
2950,13
3528,13
191,13
5061,13
3591,13
664,13
57,13
3199,13
467,12
205,12
5829,12
2587,12
3090,12
3386,12
2578,12
7343,12
5584,12
787,12
4429,12
4633,12
1004,12
5273,12
959,12
6502,12
5482,12
6204,12
3373,12
7227,12
1322,12
1610,12
3600,12
18,12
4140,12
2357,12
2555,12
326,12
7153,12
4116,12
5396,12
3639,12
3603,12
3047,12
7281,12
1499,12
6595,12
7113,12
7808,12
2908,12
1628,12
204,12
1035,12
592,12
7393,12
5798,12
4938,12
4485,12
5160,12
6726,12
5313,12
5823,12
909,12
1420,12
3775,12
6447,12
400,12
4428,12
7907,12
2659,12
7677,12
5489,12
2232,12
831,12
2548,12
1855,12
4329,12
2193,12
5320,11
7544,11
975,11
6094,11
4189,11
351,11
387,11
3777,11
970,11
3720,11
1530,11
2913,11
3636,11
5550,11
4266,11
636,11
5961,11
6422,11
7775,11
1228,11
3729,11
6789,11
6859,11
4563,11
1822,11
5836,11
6347,11
7882,11
7129,11
4416,11
2217,11
6526,11
6126,11
4739,11
5709,11
2105,11
197,11
822,11
4647,11
5589,11
40,11
3508,11
6712,11
7262,11
869,11
7964,11
247,11
3751,11
5935,11
4715,11
8211,11
1789,11
2544,11
5050,11
1467,11
4588,11
7768,11
5139,11
6790,11
2815,11
2941,11
5605,11
4509,11
698,11
1242,11
6271,11
618,11
4898,11
13,11
2427,11
7090,11
6657,11
2509,11
4377,11
7862,11
296,10
6248,10
6758,10
6605,10
2953,10
3819,10
7012,10
3764,10
3107,10
2989,10
5984,10
3496,10
3662,10
5896,10
6548,10
133,10
7906,10
1605,10
2014,10
4663,10
5721,10
7649,10
5286,10
6577,10
221,10
3393,10
2947,10
1816,10
4576,10
614,10
5191,10
6314,10
5068,10
5339,10
501,10
5194,10
3046,10
5927,10
256,10
5658,10
4924,10
5011,10
5468,10
4342,10
2084,10
3743,10
5920,10
1245,10
6016,10
3190,10
5549,10
1179,10
3557,10
7409,10
4947,10
209,10
6174,10
6975,10
2724,10
3150,10
1495,10
3189,10
1281,10
2995,10
7443,10
5702,10
1095,10
3803,10
6484,10
3293,10
6000,10
6702,10
469,10
7150,10
1719,10
8152,10
5016,10
920,10
898,10
2294,9
6613,9
1394,9
4665,9
4542,9
3646,9
5017,9
352,9
782,9
1296,9
2708,9
1737,9
3512,9
1711,9
1965,9
4929,9
7171,9
4255,9
163,9
908,9
912,9
1874,9
168,9
7579,9
449,9
601,9
2802,9
3433,9
1908,9
1196,9
4530,9
1439,9
3159,9
1023,9
2599,9
4187,9
5312,9
60,9
4128,9
345,9
4169,9
3655,9
5276,9
6550,9
3053,9
8162,9
3262,9
4039,9
6635,9
3109,9
7183,9
3766,9
4401,9
5121,9
1741,9
4398,9
2987,9
3349,9
4214,9
5419,9
1183,9
6146,9
8050,9
4298,9
950,9
6274,9
7810,9
1044,9
3897,9
106,9
4524,9
1684,9
4451,9
907,9
7471,9
454,9
4586,9
7238,9
1658,9
7421,9
121,9
5478,9
5771,9
5945,9
6626,9
417,9
1103,9
3648,9
5916,9
7357,9
5761,9
7362,8
3200,8
3553,8
1008,8
5855,8
6245,8
1099,8
3802,8
2799,8
365,8
1282,8
3087,8
1089,8
479,8
1336,8
4199,8
2903,8
251,8
1565,8
5600,8
98,8
4652,8
2037,8
560,8
3692,8
5647,8
440,8
4175,8
327,8
2277,8
2091,8
5474,8
733,8
1354,8
761,8
5399,8
6500,8
1261,8
2481,8
120,8
7747,8
5215,8
164,8
5051,8
257,8
5551,8
4973,8
5675,8
2936,8
3202,8
4970,8
5577,8
1857,8
604,8
2621,8
4960,8
347,8
439,8
738,8
5552,8
2246,8
1465,8
5255,8
241,8
8051,8
1674,8
261,8
949,8
2511,8
7588,8
1744,8
4098,8
6394,8
860,8
5455,8
4324,8
781,8
7023,8
1150,8
1778,8
3086,8
5980,8
1423,8
4432,8
3108,8
1086,8
5089,8
4532,8
83,8
2130,8
1807,8
3292,8
1246,8
2796,8
4710,8
3260,8
3762,8
3845,8
6467,8
6524,8
590,8
848,8
7198,8
4316,8
45,8
216,8
6781,8
699,8
2367,8
3120,8
1746,7
7121,7
54,7
6612,7
2545,7
6609,7
8173,7
3709,7
6045,7
6711,7
6504,7
3922,7
6445,7
1012,7
1365,7
6179,7
2572,7
5966,7
2113,7
3544,7
1821,7
3723,7
7038,7
7117,7
1984,7
7425,7
423,7
4343,7
5515,7
2752,7
2991,7
7856,7
4989,7
6886,7
2676,7
6655,7
284,7
2097,7
4197,7
7379,7
320,7
273,7
3036,7
5922,7
6984,7
8012,7
1182,7
5614,7
2833,7
3021,7
1144,7
2480,7
2092,7
6134,7
2611,7
4891,7
2695,7
4137,7
4192,7
4926,7
1935,7
5264,7
2976,7
4308,7
840,7
1316,7
530,7
4616,7
885,7
5334,7
5708,7
7229,7
914,7
3925,7
1028,7
5013,7
135,7
5604,7
3001,7
4760,7
5620,7
3971,7
398,7
4008,7
2609,7
2645,7
665,7
3306,7
7586,7
5111,7
158,7
1447,7
4326,7
2071,7
2417,7
1065,7
305,7
2939,7
7792,7
7228,7
3037,7
3991,7
2999,7
8045,7
4832,7
882,7
4671,7
5039,7
915,7
4482,7
2598,7
2343,7
2307,7
2372,7
771,7
2366,7
1292,7
4443,7
3173,7
984,7
6298,7
3040,7
1928,7
4223,7
4409,7
1469,7
542,7
2524,7
4604,7
5877,7
276,7
2088,6
926,6
3526,6
5048,6
4934,6
7625,6
495,6
6846,6
424,6
434,6
7659,6
3325,6
6038,6
895,6
5834,6
2478,6
4020,6
7877,6
258,6
796,6
6801,6
7885,6
4833,6
6007,6
4430,6
410,6
2793,6
554,6
3176,6
1039,6
1010,6
4371,6
7415,6
1833,6
3044,6
4438,6
202,6
804,6
2866,6
3855,6
4148,6
6200,6
6004,6
2444,6
6461,6
6971,6
921,6
658,6
1554,6
801,6
4186,6
1865,6
3536,6
2875,6
2906,6
3208,6
5770,6
1899,6
3518,6
2933,6
208,6
7327,6
1832,6
5289,6
228,6
6666,6
5361,6
3049,6
4664,6
7738,6
230,6
329,6
1976,6
2041,6
1113,6
1331,6
1038,6
7904,6
3667,6
1237,6
2493,6
4915,6
8222,6
5430,6
1027,6
1716,6
1315,6
1693,6
6692,6
292,6
2665,6
985,6
5198,6
1326,6
725,6
1033,6
3147,6
5808,6
1504,6
1742,6
285,6
2254,6
4361,6
5174,6
6804,6
399,6
3799,6
2680,6
7812,6
4757,6
6598,6
1320,6
4068,6
5981,6
1011,6
7665,6
5332,6
803,6
2830,6
4354,6
463,6
2095,6
2458,6
4440,6
6770,6
2978,6
4119,6
3683,6
5528,6
7266,6
1709,6
3242,6
4282,6
3554,6
2338,6
6895,6
696,6
1687,6
5873,6
2286,6
4592,6
3754,6
4027,6
260,6
5526,6
6676,6
8243,6
2907,6
6324,6
353,6
1631,6
2414,6
1781,6
7873,6
1662,6
1498,6
6780,6
3920,6
427,6
944,5
8092,5
5913,5
574,5
6949,5
7402,5
6069,5
3863,5
4066,5
4205,5
5656,5
521,5
1539,5
2863,5
5081,5
863,5
4626,5
584,5
3346,5
30,5
34,5
3532,5
6622,5
4200,5
5162,5
7945,5
6325,5
2282,5
4582,5
3354,5
1457,5
3106,5
7676,5
3300,5
5890,5
6889,5
4526,5
873,5
5788,5
2856,5
797,5
1940,5
5069,5
6093,5
100,5
2552,5
3282,5
5969,5
3002,5
227,5
3305,5
2860,5
2342,5
3930,5
6317,5
3115,5
7884,5
4312,5
1243,5
1339,5
2839,5
4313,5
3871,5
5590,5
6911,5
1668,5
3535,5
6959,5
6658,5
2038,5
4535,5
194,5
404,5
429,5
1759,5
5667,5
6216,5
102,5
1924,5
7394,5
1066,5
6239,5
456,5
1078,5
6537,5
1961,5
3924,5
688,5
7096,5
3094,5
4883,5
7050,5
3103,5
1714,5
1084,5
728,5
4400,5
7276,5
1872,5
1018,5
92,5
2523,5
6545,5
968,5
5815,5
2119,5
2834,5
1080,5
673,5
3542,5
1005,5
2614,5
430,5
1646,5
3589,5
536,5
3673,5
2885,5
4252,5
3869,5
240,5
3320,5
7088,5
7270,5
6242,5
1168,5
8156,5
1587,5
3313,5
295,5
2567,5
1299,5
2757,5
2569,5
6867,5
3804,5
3839,5
5038,5
5666,5
2192,5
900,5
4893,5
4155,5
2517,5
4853,5
4426,5
489,5
367,5
7110,5
2807,5
8061,5
6471,5
4141,5
1892,5
572,5
1195,5
4379,5
5153,5
307,5
6001,5
4275,5
8060,5
2393,4
1280,4
6380,4
1706,4
4465,4
5085,4
7829,4
462,4
6883,4
3089,4
3983,4
2415,4
7791,4
4884,4
1601,4
2363,4
4864,4
415,4
2407,4
4765,4
724,4
3406,4
4862,4
7387,4
534,4
4059,4
1526,4
6491,4
7910,4
2111,4
6047,4
162,4
3060,4
6219,4
559,4
6717,4
3391,4
5421,4
6753,4
570,4
6334,4
343,4
808,4
6747,4
3137,4
488,4
1696,4
2862,4
5195,4
3747,4
5960,4
458,4
5152,4
5662,4
6896,4
107,4
372,4
5282,4
2306,4
850,4
5432,4
6866,4
4291,4
5769,4
43,4
7790,4
1505,4
1082,4
7376,4
3340,4
3309,4
4431,4
7277,4
1052,4
4796,4
7903,4
502,4
5010,4
8069,4
1812,4
5036,4
6938,4
7696,4
999,4
549,4
640,4
6570,4
7424,4
7597,4
736,4
2340,4
3625,4
5950,4
3377,4
1946,4
3197,4
3610,4
2914,4
3576,4
6064,4
455,4
802,4
4992,4
5400,4
4456,4
4314,4
4944,4
5933,4
7741,4
3962,4
5988,4
185,4
1308,4
4885,4
2787,4
4459,4
244,4
4983,4
3540,4
2278,4
6133,4
837,4
7354,4
7455,4
2287,4
7874,4
1190,4
1570,4
2467,4
4110,4
2152,4
7142,4
8094,4
156,4
5114,4
7661,4
4000,4
7176,4
1393,4
1604,4
2346,4
2788,4
5982,4
6607,4
7230,4
4630,4
461,4
1886,4
3873,4
4062,4
3918,4
5381,4
2050,4
7594,4
2985,4
916,4
5921,4
6263,4
7071,4
6487,4
5680,4
1680,4
4625,4
4733,4
6671,4
7647,4
6165,4
7493,4
5024,4
6815,4
7759,4
3598,4
7226,4
7106,4
1212,4
3025,4
3435,4
3374,4
4618,4
6442,4
7929,4
4993,4
701,4
32,4
4351,4
513,4
4034,4
1085,4
5626,4
561,4
5707,4
1342,4
4383,4
3629,4
713,4
2197,4
4751,4
6207,4
2568,4
5495,4
5704,4
6783,4
2068,4
3561,4
7833,4
222,4
3077,4
732,4
6503,4
331,4
1524,4
7569,4
3932,4
1198,4
2462,4
5070,4
4881,4
5928,4
7164,4
4292,4
5942,4
3513,4
3637,4
445,4
4840,4
3749,4
7062,4
3725,4
5946,4
5753,4
2227,4
4798,4
2378,4
4079,4
2518,4
6415,4
5668,4
7719,4
129,4
2153,4
2905,4
5639,4
1619,4
2901,4
3688,4
1362,4
1373,4
5544,4
7019,4
1156,4
6829,4
7967,4
2059,4
6713,4
4229,4
8189,4
1765,4
7293,4
2108,4
3583,4
964,4
1375,4
5142,4
1383,4
4319,4
719,4
6108,4
7253,4
5763,4
6646,4
5405,4
2061,4
7180,4
7278,4
1548,4
579,4
7933,4
5750,4
8190,4
3210,3
2110,3
4850,3
124,3
3249,3
2161,3
169,3
2789,3
3250,3
6212,3
3280,3
4856,3
862,3
886,3
5352,3
2762,3
5965,3
625,3
2012,3
3742,3
5060,3
7134,3
2139,3
3399,3
4977,3
6119,3
4595,3
1692,3
2224,3
7565,3
4786,3
5072,3
7601,3
7780,3
4269,3
6208,3
2738,3
4882,3
3833,3
5722,3
7919,3
1678,3
3162,3
3468,3
2188,3
6648,3
7687,3
1747,3
1407,3
3063,3
692,3
2309,3
4104,3
3726,3
6182,3
4659,3
5615,3
7502,3
4874,3
3181,3
4852,3
1664,3
4317,3
5627,3
188,3
1340,3
2319,3
3947,3
7401,3
3771,3
7444,3
6917,3
4560,3
4714,3
5686,3
5323,3
5499,3
3255,3
6213,3
4741,3
5536,3
6180,3
3876,3
7570,3
8041,3
3338,3
772,3
1520,3
3955,3
6160,3
2250,3
2360,3
493,3
6015,3
1995,3
5040,3
7271,3
7593,3
1446,3
4395,3
7968,3
5501,3
268,3
3233,3
3355,3
7605,3
374,3
5521,3
6779,3
770,3
5480,3
5603,3
1134,3
2242,3
5797,3
2127,3
4232,3
7020,3
6049,3
6954,3
6070,3
1187,3
1738,3
2412,3
3563,3
344,3
1147,3
4307,3
4318,3
1346,3
4706,3
2168,3
7695,3
2321,3
2500,3
6071,3
3780,3
1831,3
2198,3
5558,3
238,3
5197,3
1301,3
5078,3
6776,3
962,3
1105,3
6169,3
7701,3
7726,3
606,3
2728,3
3465,3
4933,3
6436,3
5720,3
2994,3
1451,3
3495,3
3763,3
913,3
7771,3
1443,3
2867,3
6026,3
7139,3
5333,3
1138,3
1355,3
827,3
2482,3
957,3
3004,3
6190,3
8066,3
830,3
963,3
1068,3
1606,3
4055,3
5846,3
1830,3
4228,3
115,3
1400,3
6683,3
3530,3
5336,3
2998,3
3397,3
2177,3
245,3
4120,3
6719,3
5428,3
293,3
4023,3
7484,3
414,3
6802,3
7260,3
4089,3
2918,3
3900,3
511,3
363,3
6157,3
832,3
1560,3
2986,3
5344,3
7518,3
7554,3
8048,3
555,3
679,3
3017,3
3735,3
4771,3
4581,3
6383,3
1599,3
3367,3
3269,3
5090,3
7061,3
8171,3
2125,3
3119,3
5760,3
7011,3
316,3
642,3
5511,3
811,3
1869,3
4750,3
8063,3
3123,3
6312,3
6561,3
494,3
4553,3
4851,3
5939,3
5958,3
5949,3
7514,3
1638,3
5386,3
5671,3
4749,3
318,3
105,3
1859,3
5448,3
4705,3
1338,3
1952,3
4164,3
5923,3
6775,3
7835,3
3543,3
5154,3
1403,3
3096,3
3686,3
7618,3
6232,3
7165,3
165,3
386,3
2733,3
6428,3
1359,3
3384,3
5080,3
5565,3
6202,3
6634,3
575,3
1401,3
6013,3
181,3
1912,3
2214,3
6408,3
1632,3
1993,3
4220,3
4674,3
5661,3
6331,3
3515,3
883,3
6295,3
1049,3
4234,3
6759,3
7344,3
3890,3
7024,3
7189,3
2316,3
2067,3
690,3
1197,3
4435,3
7441,3
3499,3
4213,3
5868,3
7044,3
2469,3
2128,3
4178,3
5540,3
7928,3
2196,3
5126,3
6870,3
7380,3
7623,3
7064,3
4952,3
6456,3
4496,3
4737,3
2969,3
5993,3
608,3
460,3
4566,3
3448,3
1876,3
814,3
2780,3
4375,3
3403,3
3422,3
3705,3
2886,3
4325,3
2054,3
4923,3
6706,3
3979,3
5885,3
6081,3
3656,3
5104,3
1943,3
1429,3
541,3
1569,3
6127,3
6176,3
3316,3
6440,3
7492,3
6625,3
2626,3
2845,3
7321,3
6339,3
5238,3
2324,3
5151,3
2178,3
2049,3
2011,3
6381,3
4533,3
585,3
303,3
4344,3
682,3
6462,3
5930,3
812,3
2858,3
2184,3
3132,3
3492,3
5401,3
7520,3
2314,3
7546,3
1503,3
5095,3
6286,3
3782,3
3800,3
2194,3
6912,3
5705,3
3239,3
7126,3
1329,3
7452,3
1090,2
3959,2
4821,2
3441,2
4838,2
5067,2
5657,2
7650,2
666,2
2898,2
2917,2
591,2
6252,2
8145,2
6227,2
544,2
2402,2
4782,2
1349,2
4078,2
4333,2
6744,2
6958,2
4789,2
987,2
2931,2
3140,2
3490,2
4369,2
3578,2
5520,2
6841,2
6116,2
7750,2
2149,2
2349,2
4837,2
5911,2
1805,2
3978,2
7948,2
4015,2
4024,2
4130,2
6319,2
652,2
786,2
910,2
1758,2
3889,2
4163,2
4366,2
5329,2
7428,2
6367,2
4147,2
5186,2
5440,2
1535,2
2281,2
6313,2
5936,2
6046,2
7035,2
1252,2
2758,2
6517,2
5972,2
1764,2
2561,2
2975,2
7002,2
22,2
4565,2
6771,2
7861,2
6469,2
539,2
4889,2
4972,2
4912,2
597,2
1427,2
3999,2
4693,2
3929,2
6899,2
8150,2
3279,2
4904,2
298,2
3272,2
902,2
1141,2
3821,2
4609,2
7138,2
7284,2
4825,2
726,2
7087,2
824,2
3653,2
3809,2
4204,2
6695,2
6915,2
1641,2
3823,2
7329,2
1260,2
5275,2
5527,2
5883,2
7770,2
7815,2
96,2
5398,2
7756,2
5580,2
1607,2
4125,2
4721,2
6536,2
3296,2
4901,2
5261,2
8241,2
815,2
1782,2
7875,2
5283,2
1079,2
2437,2
3905,2
5267,2
1829,2
3674,2
5747,2
2330,2
3595,2
4159,2
4458,2
6406,2
218,2
2018,2
2359,2
2597,2
4133,2
5117,2
1421,2
4345,2
2965,2
4009,2
3539,2
4461,2
1887,2
2325,2
4446,2
6546,2
905,2
1061,2
4640,2
4053,2
4624,2
5919,2
1827,2
3722,2
4870,2
6378,2
1502,2
4651,2
1689,2
6734,2
381,2
1444,2
4006,2
5899,2
3984,2
7282,2
5995,2
3160,2
1927,2
4567,2
3788,2
7136,2
7779,2
4436,2
5032,2
4126,2
6845,2
7348,2
3061,2
5563,2
6062,2
7831,2
653,2
7107,2
7753,2
3579,2
1087,2
1157,2
2163,2
4257,2
6709,2
7931,2
3850,2
3954,2
2844,2
3278,2
5380,2
5861,2
6961,2
1434,2
1968,2
4502,2
7932,2
1625,2
3246,2
3689,2
3323,2
4121,2
4290,2
7860,2
931,2
2293,2
3945,2
2269,2
7843,2
8112,2
7341,2
1790,2
5803,2
6201,2
7109,2
5248,2
5623,2
6114,2
4285,2
5247,2
8010,2
8097,2
3881,2
4190,2
7417,2
3761,2
4602,2
4331,2
6795,2
1683,2
3361,2
6044,2
6196,2
8157,2
3185,2
3538,2
5043,2
7476,2
7845,2
1828,2
4655,2
4914,2
8077,2
190,2
1170,2
2370,2
4920,2
5909,2
6356,2
3471,2
5938,2
283,2
1199,2
7736,2
3545,2
4412,2
1262,2
3270,2
6974,2
7089,2
3928,2
2586,2
2715,2
4471,2
4777,2
4855,2
7608,2
7767,2
4194,2
7184,2
877,2
1244,2
2574,2
4507,2
6457,2
6861,2
8131,2
2352,2
4434,2
7173,2
7549,2
2919,2
8146,2
242,2
350,2
3564,2
5646,2
7806,2
3827,2
6551,2
7178,2
277,2
1126,2
1507,2
1923,2
5341,2
5892,2
6696,2
2170,2
2433,2
1914,2
3862,2
6031,2
7036,2
2141,2
4016,2
4903,2
7389,2
4149,2
5456,2
792,2
1534,2
4654,2
4742,2
5731,2
497,2
3016,2
7030,2
567,2
648,2
1048,2
1944,2
2865,2
6017,2
4932,2
5622,2
6184,2
444,2
4129,2
5347,2
116,2
624,2
1653,2
1867,2
2434,2
4134,2
780,2
2663,2
1529,2
3383,2
134,2
6135,2
6818,2
2331,2
4910,2
7993,2
8193,2
4135,2
4743,2
7426,2
5202,2
6416,2
8270,2
818,2
4623,2
5447,2
4320,2
5284,2
7199,2
668,2
3677,2
4936,2
6614,2
357,2
1474,2
1862,2
2924,2
3700,2
4805,2
6029,2
7752,2
8088,2
7678,2
1690,2
2064,2
3425,2
5241,2
6197,2
409,2
211,2
5670,2
2103,2
7130,2
2104,2
2721,2
4250,2
1328,2
1979,2
2583,2
4844,2
4425,2
4577,2
2662,2
3129,2
4591,2
6326,2
2142,2
3779,2
4095,2
6424,2
1214,2
65,2
235,2
1343,2
1677,2
5054,2
6645,2
498,2
3679,2
6822,2
855,2
4500,2
3998,2
6755,2
775,2
3271,2
5801,2
4492,2
5813,2
4504,2
6751,2
7302,2
2551,2
1083,2
4460,2
6490,2
7703,2
7842,2
1681,2
651,2
662,2
2880,2
3211,2
91,2
2730,2
4233,2
6636,2
2503,2
3216,2
677,2
758,2
1761,2
4922,2
661,2
3604,2
4543,2
7172,2
2852,2
3070,2
2406,2
3259,2
5003,2
5466,2
2429,2
5504,2
7330,2
7371,2
1626,2
4849,2
5897,2
1333,2
1341,2
4906,2
1154,2
3594,2
2451,2
3396,2
7029,2
8054,2
7128,2
1945,2
5164,2
8111,2
5601,2
4744,2
3685,2
3750,2
4866,2
1310,2
2295,2
1840,2
2096,2
5046,2
6863,2
2296,2
4474,2
4854,2
6520,2
3992,2
6880,2
5884,2
1159,2
1572,2
800,2
4975,2
7418,2
613,2
3491,2
3898,2
7014,2
2808,2
4672,2
2200,2
2531,2
6333,2
851,2
6121,2
938,2
1093,2
5475,2
595,2
1318,2
4215,2
7175,2
3268,2
6452,2
1100,2
7609,2
6459,2
2562,2
7717,2
7351,2
5640,2
2496,2
2630,2
3247,2
5366,2
4925,2
5516,2
973,2
6118,2
2390,2
7716,2
2403,2
3118,2
3911,2
4026,2
2036,2
6812,2
1145,2
1645,2
3744,2
6864,2
4245,2
5660,2
7181,2
4575,2
1981,2
3389,2
1106,2
8263,2
5384,2
6643,2
1630,2
3444,2
745,2
4201,2
684,2
1809,2
3980,2
5649,2
6809,2
1139,2
7163,2
4208,2
6489,2
7853,2
7893,2
1271,2
4019,2
4860,2
3183,2
3865,2
7916,2
5512,2
7728,2
3585,2
6746,2
2475,2
4842,2
2817,2
2373,2
7179,2
1311,2
7383,2
2044,2
1344,2
4327,2
95,2
5579,2
4745,2
1059,2
5914,2
3083,2
754,2
7864,2
3870,2
2181,2
6834,2
5749,2
8005,2
7924,2
108,2
7684,2
2413,2
416,2
5997,2
3851,2
8204,2
5785,2
2577,2
6495,2
5610,2
5098,2
2083,2
7706,2
1430,2
243,2
4909,2
6177,2
6128,2
3101,2
5962,2
1406,2
4799,2
5581,2
7070,2
7517,2
2563,2
7127,2
7298,2
3029,2
5424,2
6132,2
7837,2
342,2
3124,2
3885,2
4477,2
2318,2
768,2
3075,2
2615,2
6710,2
6760,2
552,2
1392,2
5583,2
1675,2
5232,2
969,2
5343,2
6923,2
5650,2
1067,2
2320,2
4793,2
641,2
7938,2
2042,2
1094,2
6492,2
333,2
6192,2
2558,2
7686,2
4145,2
2399,2
2527,2
6230,2
1388,2
3357,2
6767,2
7724,2
76,2
2029,2
3989,2
5390,2
1188,2
7413,2
6344,2
7969,2
6935,2
2317,2
3606,1
6240,1
6731,1
7252,1
2464,1
5523,1
6366,1
6797,1
2725,1
3836,1
6903,1
1528,1
2034,1
2895,1
3652,1
4249,1
5057,1
6732,1
6768,1
7616,1
8153,1
718,1
1695,1
1773,1
1897,1
3167,1
3895,1
5986,1
6033,1
577,1
2477,1
2644,1
3241,1
3299,1
3848,1
4736,1
5291,1
6687,1
711,1
2392,1
2718,1
2980,1
7015,1
7353,1
448,1
1686,1
3953,1
7953,1
1158,1
1304,1
5377,1
5497,1
6423,1
8229,1
3711,1
4165,1
6019,1
6147,1
388,1
672,1
1958,1
2354,1
3584,1
543,1
1856,1
4969,1
7781,1
8206,1
323,1
1620,1
4638,1
4738,1
5572,1
5990,1
6926,1
7006,1
7283,1
309,1
1205,1
1735,1
2180,1
2201,1
2443,1
2846,1
6074,1
8273,1
2896,1
3550,1
7720,1
890,1
2784,1
3207,1
5213,1
5566,1
7197,1
7889,1
1584,1
2031,1
3582,1
4132,1
4631,1
4817,1
6375,1
5735,1
2090,1
2633,1
4195,1
5064,1
1298,1
2447,1
2759,1
3288,1
4216,1
4478,1
4823,1
4830,1
8213,1
443,1
880,1
924,1
3944,1
6003,1
8166,1
8181,1
3733,1
4358,1
4372,1
3154,1
5764,1
6653,1
903,1
1459,1
2353,1
4278,1
5729,1
8135,1
146,1
1938,1
3395,1
3927,1
4469,1
4791,1
5219,1
6399,1
7814,1
3935,1
4449,1
4995,1
5599,1
7664,1
160,1
5653,1
5744,1
7166,1
7540,1
8126,1
7637,1
1227,1
2454,1
4819,1
7523,1
951,1
1345,1
1452,1
2380,1
3981,1
5346,1
888,1
1651,1
5676,1
628,1
843,1
3358,1
4703,1
1536,1
1804,1
1941,1
2610,1
3504,1
3936,1
4362,1
7887,1
1070,1
1455,1
3226,1
3663,1
7041,1
5128,1
2005,1
3649,1
4198,1
7222,1
7629,1
7715,1
1405,1
1635,1
2671,1
6431,1
6844,1
7985,1
1303,1
4418,1
7915,1
8057,1
1906,1
2056,1
2522,1
3702,1
5192,1
6120,1
7670,1
528,1
980,1
1841,1
3054,1
3360,1
568,1
594,1
3551,1
4217,1
6544,1
7079,1
8035,1
8144,1
1488,1
4414,1
6057,1
6067,1
6203,1
6514,1
7729,1
7975,1
8255,1
565,1
892,1
1269,1
3003,1
3153,1
4702,1
6315,1
7326,1
785,1
1770,1
2776,1
2823,1
4667,1
4699,1
5571,1
6468,1
7155,1
7407,1
7416,1
1866,1
2755,1
4242,1
4723,1
7911,1
527,1
1637,1
4167,1
4508,1
6604,1
6675,1
267,1
573,1
3772,1
3909,1
4243,1
8271,1
1494,1
3264,1
2028,1
6150,1
7000,1
7537,1
7966,1
1753,1
3128,1
3707,1
5517,1
5866,1
6304,1
8248,1
610,1
3618,1
3619,1
4399,1
6048,1
6497,1
6573,1
8184,1
897,1
1071,1
2638,1
6584,1
8052,1
401,1
2847,1
3931,1
7577,1
1576,1
2731,1
5183,1
5755,1
7320,1
7978,1
8056,1
8262,1
2337,1
3676,1
4615,1
6444,1
6910,1
7382,1
7480,1
5967,1
1616,1
2603,1
3224,1
3285,1
4280,1
6513,1
7048,1
7782,1
481,1
523,1
1568,1
1978,1
3114,1
4240,1
4296,1
4617,1
4759,1
7638,1
3221,1
174,1
1016,1
1659,1
2300,1
2766,1
2826,1
3113,1
4762,1
8216,1
453,1
632,1
1959,1
2002,1
2803,1
5367,1
6292,1
7017,1
2649,1
2723,1
4919,1
5840,1
6701,1
6729,1
7550,1
8227,1
1398,1
6690,1
6843,1
6996,1
7789,1
1275,1
2929,1
5573,1
7268,1
7863,1
2957,1
3760,1
5690,1
8084,1
1294,1
1337,1
6455,1
6835,1
7009,1
1433,1
1676,1
2441,1
3228,1
7296,1
3048,1
4404,1
4490,1
5228,1
7251,1
7451,1
492,1
876,1
1671,1
2221,1
3864,1
3997,1
5628,1
7051,1
1161,1
1257,1
1665,1
1905,1
3042,1
4263,1
6028,1
6098,1
6881,1
8170,1
7349,1
773,1
835,1
1559,1
2187,1
3436,1
4601,1
621,1
716,1
2673,1
3369,1
3590,1
4836,1
5651,1
5710,1
5959,1
8055,1
5985,1
6905,1
6972,1
7758,1
7849,1
7219,1
3186,1
3566,1
3882,1
7834,1
8099,1
207,1
1175,1
2179,1
2335,1
6852,1
7949,1
1515,1
4847,1
5436,1
1404,1
2459,1
4109,1
4225,1
5924,1
5943,1
6811,1
525,1
2267,1
2280,1
3182,1
4498,1
6430,1
6508,1
198,1
845,1
1208,1
5251,1
5602,1
118,1
669,1
1916,1
3353,1
3758,1
6262,1
1698,1
2453,1
4336,1
4827,1
6155,1
7174,1
7761,1
3718,1
4694,1
5902,1
6651,1
1172,1
1408,1
2952,1
4635,1
4935,1
7305,1
8011,1
799,1
6185,1
7235,1
7345,1
678,1
5277,1
5789,1
3599,1
4085,1
4704,1
7745,1
1171,1
1391,1
4785,1
6506,1
7515,1
5569,1
1785,1
2498,1
4382,1
6036,1
578,1
1825,1
3174,1
6493,1
6679,1
1883,1
1890,1
2051,1
6572,1
2782,1
4231,1
4697,1
5161,1
6737,1
7894,1
8013,1
1302,1
2870,1
7956,1
8106,1
2899,1
4139,1
5483,1
976,1
4711,1
4900,1
6332,1
7821,1
1422,1
1456,1
2682,1
2869,1
5983,1
6837,1
7218,1
7419,1
349,1
3220,1
3370,1
4945,1
7145,1
1939,1
2627,1
4845,1
6819,1
7462,1
436,1
709,1
1148,1
3008,1
6061,1
891,1
1107,1
2581,1
3894,1
5244,1
7156,1
8042,1
729,1
2391,1
3294,1
4238,1
6034,1
6446,1
6672,1
6810,1
8023,1
8093,1
93,1
4689,1
4754,1
7576,1
8265,1
927,1
1432,1
1839,1
1852,1
2428,1
3907,1
4810,1
6647,1
1397,1
1461,1
1627,1
4427,1
7634,1
2008,1
2636,1
3152,1
3335,1
4622,1
5781,1
6578,1
6752,1
6638,1
2344,1
5167,1
5216,1
5794,1
6995,1
7600,1
189,1
7923,1
8009,1
233,1
5435,1
7972,1
1426,1
1739,1
1955,1
2143,1
4491,1
6175,1
5239,1
531,1
1917,1
4051,1
5365,1
1713,1
2395,1
5535,1
6429,1
6847,1
6978,1
7347,1
82,1
3204,1
3817,1
4452,1
638,1
1120,1
1523,1
2824,1
3520,1
3681,1
5294,1
6258,1
6603,1
2890,1
4619,1
7187,1
7466,1
7615,1
7704,1
1209,1
1617,1
1723,1
3398,1
5018,1
1994,1
3493,1
4462,1
4668,1
4778,1
5717,1
6379,1
6990,1
7826,1
1370,1
3222,1
3690,1
4660,1
5508,1
6291,1
7760,1
8091,1
450,1
3840,1
4108,1
8101,1
5397,1
6222,1
6253,1
7112,1
7892,1
8155,1
117,1
576,1
3156,1
3344,1
3704,1
5249,1
4568,1
4917,1
6113,1
6281,1
6580,1
8001,1
821,1
1708,1
3135,1
3531,1
5138,1
7459,1
1578,1
2259,1
2632,1
3668,1
4996,1
6542,1
7360,1
8147,1
437,1
1239,1
1264,1
5659,1
6630,1
7065,1
7602,1
731,1
4090,1
1096,1
3475,1
8120,1
1268,1
1763,1
1181,1
3657,1
4612,1
5765,1
6698,1
114,1
6187,1
6782,1
6927,1
7613,1
7648,1
5505,1
5507,1
6005,1
6674,1
8062,1
2736,1
2944,1
4185,1
5330,1
5438,1
5970,1
6480,1
6673,1
4143,1
4707,1
5674,1
6018,1
7751,1
8252,1
393,1
593,1
654,1
2023,1
2813,1
4096,1
5227,1
5856,1
6633,1
8254,1
2606,1
3717,1
4558,1
4873,1
153,1
7456,1
217,1
1581,1
5225,1
6953,1
7571,1
7848,1
8014,1
141,1
2450,1
5518,1
6547,1
8118,1
239,1
1643,1
2265,1
4241,1
4675,1
5460,1
7940,1
8197,1
1332,1
1411,1
1575,1
1602,1
1724,1
5541,1
5987,1
5109,1
1450,1
2053,1
2445,1
2879,1
6014,1
84,1
547,1
1274,1
1313,1
2529,1
3235,1
4064,1
4950,1
4965,1
6030,1
6470,1
2664,1
2945,1
3407,1
5431,1
6765,1
2238,1
3426,1
5159,1
6042,1
6056,1
6587,1
7619,1
2401,1
4523,1
6193,1
6936,1
7125,1
7468,1
7509,1
1194,1
1960,1
2147,1
6654,1
7942,1
212,1
4340,1
509,1
3356,1
3400,1
7158,1
314,1
1934,1
2260,1
2419,1
3011,1
3066,1
6787,1
7008,1
6247,1
88,1
3146,1
7118,1
149,1
391,1
3219,1
3341,1
3467,1
3730,1
4025,1
4170,1
4328,1
5031,1
5889,1
7883,1
7310,1
550,1
774,1
2021,1
2492,1
3411,1
3694,1
3878,1
4274,1
4913,1
5992,1
6022,1
7503,1
551,1
1088,1
1309,1
1895,1
2556,1
3698,1
4083,1
8086,1
8236,1
5611,1
1650,1
6073,1
6199,1
6450,1
7851,1
1226,1
3311,1
3440,1
4841,1
4861,1
5141,1
5299,1
6738,1
7458,1
8264,1
1666,1
2024,1
2783,1
2938,1
3342,1
3423,1
3651,1
4839,1
5895,1
6515,1
6728,1
7801,1
7828,1
5315,1
4105,1
4708,1
5395,1
6410,1
599,1
6579,1
776,1
2471,1
2868,1
2891,1
7140,1
397,1
1894,1
2962,1
4174,1
6689,1
1440,1
3091,1
3602,1
4393,1
5229,1
6142,1
6178,1
7016,1
563,1
1660,1
2893,1
4334,1
4755,1
4978,1
5374,1
5609,1
6330,1
7783,1
2235,1
2949,1
3514,1
4277,1
6539,1
7211,1
7888,1
8251,1
6110,1
6153,1
4210,1
2047,1
4848,1
6808,1
7610,1
1229,1
2262,1
3303,1
4503,1
5587,1
5748,1
7800,1
8065,1
362,1
1481,1
2218,1
4470,1
4801,1
5633,1
7085,1
7265,1
8158,1
2313,1
3844,1
6617,1
6963,1
7116,1
6183,1
6764,1
7477,1
225,1
752,1
4028,1
6392,1
7653,1
2993,1
3212,1
3805,1
4645,1
6943,1
7177,1
7469,1
1325,1
1574,1
2461,1
6089,1
7802,1
1115,1
1743,1
4908,1
6656,1
1176,1
1458,1
1797,1
3418,1
3684,1
4497,1
6581,1
6735,1
734,1
4251,1
4872,1
7205,1
720,1
2722,1
3385,1
4103,1
4396,1
5746,1
7221,1
7854,1
557,1
1545,1
1810,1
3434,1
3957,1
5163,1
6395,1
6439,1
6842,1
721,1
735,1
1511,1
2394,1
4306,1
4597,1
5477,1
5878,1
123,1
2089,1
5252,1
5337,1
5093,1
6922,1
7299,1
2404,1
5964,1
7206,1
8182,1
676,1
1588,1
4010,1
4153,1
6677,1
6800,1
1255,1
1273,1
2189,1
4905,1
6705,1
7959,1
8049,1
8109,1
5281,1
6186,1
6602,1
1846,1
2857,1
4475,1
5784,1
6275,1
7572,1
7822,1
7850,1
8105,1
760,1
1704,1
2424,1
2656,1
3427,1
3620,1
5358,1
6586,1
7154,1
7830,1
767,1
3203,1
3298,1
4857,1
5548,1
7453,1
2182,1
2239,1
3765,1
4207,1
4918,1
6060,1
6650,1
1219,1
2301,1
4061,1
5371,1
7285,1
7721,1
1849,1
1873,1
2173,1
2848,1
3051,1
6986,1
7374,1
7660,1
7944,1
1178,1
1438,1
2769,1
4790,1
7003,1
7007,1
5429,1
2849,1
6063,1
6884,1
7095,1
7527,1
1047,1
6391,1
6535,1
7742,1
7372,1
2515,1
3416,1
4206,1
6276,1
8037,1
529,1
4069,1
4800,1
6265,1
7472,1
337,1
2961,1
5864,1
6301,1
5269,1
7103,1
8177,1
2312,1
2639,1
6205,1
6909,1
1223,1
1493,1
1703,1
4106,1
569,1
2027,1
3696,1
5636,1
6833,1
7010,1
717,1
847,1
2536,1
3215,1
4177,1
4538,1
4804,1
6466,1
1324,1
1409,1
3198,1
3223,1
4649,1
6311,1
7513,1
2112,1
2818,1
2827,1
3013,1
4794,1
6969,1
2040,1
2203,1
7025,1
4005,1
5406,1
6145,1
6397,1
7446,1
1001,1
3412,1
5086,1
6144,1
7470,1
8087,1
438,1
2717,1
5353,1
5852,1
7223,1
7447,1
8133,1
675,1
1436,1
1512,1
2136,1
5645,1
7762,1
451,1
3281,1
3368,1
3858,1
5613,1
919,1
1361,1
1870,1
2530,1
5757,1
7487,1
2888,1
2930,1
3312,1
4236,1
6143,1
1445,1
4464,1
4594,1
5052,1
6348,1
7013,1
8179,1
2495,1
4569,1
5071,1
6264,1
7976,1
8183,1
1104,1
3891,1
4408,1
234,1
2199,1
2628,1
2729,1
5306,1
6091,1
940,1
3581,1
3781,1
4740,1
200,1
2020,1
2138,1
6527,1
7337,1
7754,1
1112,1
2648,1
3187,1
6869,1
7160,1
7644,1
3019,1
7037,1
7072,1
8256,1
703,1
2058,1
5473,1
6152,1
7841,1
5576,1
112,1
1728,1
3074,1
3494,1
468,1
2772,1
3078,1
5682,1
6533,1
6877,1
7868,1
8203,1
8215,1
64,1
1021,1
2155,1
4370,1
446,1
3952,1
5000,1
5345,1
8159,1
1314,1
2026,1
5415,1
3131,1
4131,1
5730,1
6807,1
874,1
2739,1
4341,1
5062,1
6908,1
8194,1
287,1
1642,1
1655,1
2288,1
4166,1
4593,1
4834,1
5280,1
5413,1
8110,1
8196,1
1775,1
2164,1
7245,1
7377,1
7935,1
1911,1
1926,1
1988,1
2100,1
2126,1
3727,1
4951,1
4985,1
7737,1
1109,1
2019,1
3261,1
7267,1
1882,1
1932,1
2017,1
2749,1
4698,1
4701,1
7805,1
8172,1
2882,1
3577,1
5786,1
6282,1
4246,1
4863,1
6374,1
1045,1
4080,1
5874,1
5941,1
7473,1
8266,1
1379,1
1609,1
2570,1
3171,1
3405,1
5713,1
7645,1
7827,1
5105,1
917,1
1213,1
2013,1
2121,1
2389,1
3565,1
3801,1
4457,1
4979,1
6921,1
7192,1
7291,1
8119,1
85,1
1334,1
2773,1
3509,1
4305,1
6100,1
6453,1
6582,1
7194,1
7639,1
52,1
2167,1
3605,1
4540,1
5525,1
8071,1
807,1
2642,1
3126,1
4835,1
5595,1
441,1
2000,1
2035,1
5136,1
1431,1
5116,1
6037,1
7159,1
8142,1
2709,1
2954,1
3314,1
5135,1
5510,1
5937,1
7300,1
7939,1
195,1
4607,1
5833,1
1519,1
2131,1
4267,1
4608,1
5712,1
6652,1
6929,1
7018,1
7212,1
5129,1
2396,1
3248,1
6745,1
7333,1
7505,1
7867,1
1721,1
2640,1
3524,1
3883,1
5607,1
6351,1
6816,1
1636,1
2094,1
4360,1
5348,1
6002,1
5355,1
1387,1
1930,1
4806,1
6079,1
7255,1
7922,1
8161,1
1909,1
2521,1
3904,1
4444,1
8098,1
408,1
520,1
1058,1
1579,1
2573,1
4397,1
6962,1
6139,1
7970,1
8261,1
248,1
1543,1
2442,1
3837,1
6288,1
1454,1
5669,1
7022,1
2741,1
3558,1
4279,1
5376,1
7217,1
8040,1
3149,1
6188,1
2183,1
2336,1
2463,1
2779,1
3194,1
4986,1
5907,1
2351,1
2705,1
2841,1
6448,1
6588,1
7336,1
7981,1
1254,1
1901,1
4752,1
7925,1
8095,1
7098,1
7481,1
476,1
2448,1
3134,1
4244,1
5087,1
5158,1
6509,1
7698,1
8021,1
7332,1
206,1
2077,1
2438,1
4867,1
6141,1
7878,1
7955,1
1232,1
2734,1
2835,1
1509,1
4971,1
6191,1
1863,1
3213,1
6349,1
7269,1
1276,1
2268,1
2892,1
3052,1
3339,1
8233,1
1238,1
1845,1
2308,1
3112,1
3693,1
6130,1
1663,1
2334,1
3712,1
4107,1
4146,1
5063,1
8187,1
596,1
1060,1
1777,1
3640,1
4445,1
4644,1
5001,1
7309,1
8108,1
8274,1
1834,1
2631,1
3437,1
3511,1
3774,1
4495,1
5230,1
4407,1
5418,1
6876,1
8020,1
8074,1
2616,1
6521,1
7137,1
8167,1
889,1
1860,1
2668,1
4378,1
4405,1
4670,1
6293,1
548,1
1108,1
1551,1
2537,1
3923,1
4868,1
4931,1
5842,1
7028,1
8202,1
2637,1
3038,1
3987,1
7114,1
8136,1
8245,1
6181,1
1130,1
5519,1
6575,1
375,1
558,1
1040,1
1272,1
1448,1
2971,1
4035,1
4352,1
4696,1
7031,1
3151,1
6639,1
7123,1
1017,1
1858,1
2148,1
5091,1
486,1
1611,1
2191,1
2512,1
2767,1
4555,1
7998,1
2538,1
2684,1
1921,1
2086,1
4067,1
4093,1
6214,1
6813,1
5910,1
5554,1
6393,1
7363,1
6224,1
1216,1
1540,1
1541,1
7004,1
7630,1
932,1
7220,1
753,1
4599,1
5491,1
6066,1
6294,1
7404,1
7866,1
8081,1
1351,1
3757,1
6206,1
2311,1
3409,1
3487,1
4627,1
1110,1
1871,1
2304,1
2494,1
4075,1
5314,1
8070,1
246,1
413,1
657,1
2213,1
2283,1
6112,1
5555,1
3963,1
5416,1
6601,1
6703,1
418,1
2449,1
4556,1
5065,1
5265,1
6727,1
8006,1
6478,1
1472,1
2465,1
2355,1
2661,1
6244,1
7545,1
1656,1
2864,1
4184,1
4641,1
4720,1
6583,1
7133,1
7525,1
1685,1
2374,1
2635,1
3896,1
4871,1
5084,1
5209,1
6355,1
7027,1
5989,1
6051,1
6794,1
2519,1
2520,1
4346,1
4368,1
4596,1
6050,1
6350,1
6684,1
1740,1
2491,1
5221,1
2204,1
2582,1
2982,1
3746,1
4763,1
6451,1
723,1
2770,1
6565,1
6773,1
7445,1
7494,1
748,1
1989,1
2243,1
2540,1
4380,1
4479,1
4869,1
4916,1
5494,1
6129,1
7960,1
983,1
4202,1
5542,1
7804,1
8272,1
507,1
3022,1
3791,1
4357,1
4450,1
5718,1
5837,1
5841,1
6236,1
6387,1
6999,1
7232,1
7663,1
7844,1
4394,1
4773,1
6574,1
6730,1
7642,1
1527,1
4493,1
5766,1
5978,1
6507,1
6688,1
8072,1
819,1
1312,1
2315,1
4858,1
5300,1
7934,1
369,1
1231,1
3240,1
5888,1
7240,1
7941,1
1682,1
2584,1
3901,1
744,1
3273,1
3438,1
7836,1
3497,1
3943,1
4348,1
297,1
1449,1
1725,1
1900,1
3832,1
4203,1
5648,1
8138,1
288,1
338,1
3322,1
4100,1
7524,1
7599,1
2748,1
6854,1
7483,1
8205,1
1206,1
1889,1
2716,1
3097,1
6798,1
7420,1
7563,1
6228,1
2513,1
3628,1
5410,1
7427,1
7585,1
8080,1
8114,1
755,1
2992,1
7151,1
7474,1
8140,1
8253,1
4554,1
5224,1
7170,1
965,1
2190,1
2261,1
6678,1
1710,1
2025,1
2460,1
7111,1
7342,1
3165,1
4494,1
4683,1
6411,1
7365,1
7999,1
1558,1
3318,1
3332,1
4406,1
6947,1
7832,1
7870,1
294,1
1177,1
3382,1
4381,1
4636,1
5218,1
7732,1
612,1
1399,1
2884,1
3158,1
3184,1
3500,1
4322,1
5370,1
605,1
683,1
1460,1
2675,1
3654,1
5387,1
1755,1
4122,1
4897,1
6981,1
7522,1
1591,1
2175,1
4248,1
751,1
2457,1
2641,1
3085,1
3217,1
5088,1
5278,1
5476,1
8260,1
616,1
1561,1
2761,1
3232,1
4807,1
6749,1
7203,1
7486,1
1146,1
1996,1
2212,1
5222,1
2405,1
3359,1
7082,1
7210,1
7538,1
540,1
1317,1
3257,1
3906,1
4092,1
5687,1
1256,1
2266,1
4091,1
213,1
4337,1
5530,1
5578,1
1410,1
2861,1
3169,1
4454,1
4727,1
4927,1
6412,1
6516,1
6697,1
6836,1
8027,1
8096,1
8100,1
5357,1
2082,1
4209,1
5698,1
7617,1
382,1
2771,1
6287,1
7535,1
8134,1
519,1
1173,1
2446,1
2489,1
3230,1
4787,1
5688,1
6928,1
2132,1
4957,1
6215,1
1225,1
1881,1
2302,1
2624,1
3362,1
6519,1
6828,1
7454,1
8195,1
3229,1
3968,1
6485,1
7430,1
7891,1
8102,1
159,1
783,1
867,1
992,1
1760,1
2070,1
3795,1
3834,1
5005,1
5678,1
6053,1
7626,1
7355,1
1081,1
1907,1
3234,1
4304,1
5652,1
5854,1
6592,1
6644,1
6824,1
8064,1
1180,1
2032,1
2876,1
3697,1
4283,1
4516,1
4716,1
5385,1
1174,1
1715,1
2528,1
4545,1
7705,1
7930,1
7974,1
8214,1
2222,1
2439,1
4038,1
4473,1
5689,1
6077,1
6273,1
6968,1
8115,1
3841,1
8180,1
490,1
1155,1
2418,1
3071,1
3231,1
5598,1
5774,1
562,1
1826,1
3703,1
5486,1
480,1
1902,1
2881,1
4260,1
4766,1
7457,1
2526,1
2753,1
3783,1
4611,1
5242,1
5685,1
8075,1
3012,1
3706,1
3759,1
3986,1
6035,1
7448,1
2887,1
3206,1
3331,1
3695,1
6960,1
7001,1
7465,1
2228,1
4700,1
5122,1
5422,1
6660,1
6793,1
289,1
3632,1
5876,1
5917,1
6454,1
1376,1
4048,1
1731,1
2455,1
3964,1
5488,1
7995,1
472,1
1072,1
2514,1
2634,1
5124,1
5356,1
516,1
1745,1
2850,1
2894,1
3143,1
3267,1
3621,1
4911,1
7905,1
571,1
2219,1
2388,1
3244,1
5214,1
7234,1
7611,1
8199,1
5751,1
1590,1
2487,1
5287,1
7950,1
5752,1
4259,1
6389,1
6426,1
8231,1
1929,1
7146,1
1806,1
3596,1
3675,1
4826,1
4890,1
384,1
1295,1
2270,1
3214,1
5490,1
6413,1
2150,1
3664,1
3990,1
4603,1
6092,1
6158,1
6585,1
7501,1
1516,1
3263,1
5703,1
6862,1
2030,1
2291,1
2853,1
3941,1
6985,1
7032,1
7920,1
8244,1
4176,1
4467,1
8104,1
5711,1
2015,1
2607,1
2764,1
2960,1
253,1
6940,1
7193,1
1258,1
3111,1
3810,1
5019,1
63,1
1327,1
2921,1
2928,1
3076,1
3687,1
4692,1
6266,1
7135,1
8242,1
2786,1
3510,1
7937,1
1736,1
3424,1
4803,1
5373,1
5496,1
5561,1
6878,1
1019,1
3638,1
3753,1
6052,1
7796,1
3784,1
3888,1
7595,1
210,1
411,1
3401,1
5875,1
5903,1
7190,1
7485,1
1189,1
2970,1
3302,1
5077,1
473,1
5500,1
6477,1
7777,1
8137,1
8221,1
5522,1
887,1
2087,1
3613,1
4439,1
4816,1
5944,1
8000,1
1784,1
1853,1
2292,1
5625,1
1025,1
1694,1
4050,1
4321,1
5537,1
5629,1
602,1
2785,1
4753,1
5695,1
5790,1
6821,1
7403,1
7461,1
8238,1
3043,1
3102,1
3886,1
5290,1
264,1
3218,1
4423,1
7122,1
7581,1
8232,1
175,1
1101,1
6371,1
137,1
2466,1
3829,1
1517,1
2057,1
7482,1
923,1
1634,1
1913,1
4284,1
6541,1
7536,1
355,1
2916,1
7431,1
1699,1
5047,1
5322,1
6039,1
6718,1
8103,1
598,1
2045,1
2310,1
5461,1
6297,1
6998,1
7167,1
7852,1
2146,1
2216,1
3163,1
3166,1
5097,1
7243,1
7740,1
7869,1
7914,1
368,1
1366,1
1546,1
4695,1
1712,1
3133,1
4629,1
5887,1
7773,1
196,1
1002,1
4057,1
4097,1
5035,1
7084,1
7531,1
7886,1
3966,1
5112,1
5127,1
5220,1
7286,1
655,1
2081,1
2534,1
3824,1
5594,1
504,1
693,1
2382,1
5372,1
6168,1
6761,1
7528,1
301,1
1369,1
1975,1
4154,1
7157,1
1224,1
532,1
5567,1
7287,1
5733,1
330,1
2361,1
2505,1
5328,1
7124,1
7429,1
1844,1
1933,1
6534,1
7954,1
522,1
990,1
4761,1
4921,1
5853,1
119,1
2543,1
3277,1
4180,1
3093,1
3552,1
3715,1
6058,1
6254,1
6396,1
6474,1
7392,1
