component,count
1,1300
26,1
19,1
0,1
22,1
7,1
25,1
6,1
9,1
27,1
17,1
10,1
3,1
12,1
11,1
2,1
4,1
13,1
18,1
14,1
21,1
15,1
16,1
24,1
8589934592,1
8589934596,1
8589934598,1
8589934593,1
8589934607,1
8589934615,1
8589934605,1
8589934613,1
8589934610,1
8589934611,1
8589934603,1
8589934612,1
8589934602,1
8589934601,1
8589934619,1
8589934618,1
8589934595,1
8589934609,1
8589934606,1
8589934597,1
8589934621,1
8589934623,1
8589934604,1
8589934614,1
8589934600,1
8589934617,1
8589934608,1
8589934620,1
17179869201,1
17179869218,1
17179869190,1
17179869219,1
17179869202,1
17179869186,1
17179869210,1
17179869217,1
17179869209,1
17179869185,1
17179869203,1
17179869211,1
17179869198,1
17179869194,1
17179869208,1
17179869212,1
17179869206,1
17179869204,1
17179869216,1
17179869189,1
17179869197,1
17179869193,1
17179869215,1
17179869207,1
25769803790,1
25769803780,1
25769803793,1
25769803789,1
25769803787,1
25769803812,1
25769803810,1
25769803786,1
25769803806,1
25769803796,1
25769803794,1
25769803782,1
25769803805,1
25769803779,1
25769803808,1
25769803811,1
25769803788,1
25769803804,1
25769803776,1
25769803784,1
25769803800,1
25769803807,1
25769803798,1
25769803777,1
25769803797,1
25769803799,1
25769803785,1
25769803803,1
25769803783,1
25769803795,1
25769803778,1
25769803801,1
34359738398,1
34359738369,1
34359738392,1
34359738387,1
34359738373,1
34359738378,1
34359738391,1
34359738372,1
34359738370,1
34359738389,1
34359738368,1
34359738384,1
34359738393,1
34359738375,1
34359738381,1
34359738371,1
34359738382,1
34359738394,1
34359738395,1
34359738374,1
34359738383,1
34359738377,1
34359738386,1
34359738397,1
34359738380,1
34359738376,1
34359738390,1
34359738385,1
42949672966,1
42949672971,1
42949673000,1
42949672983,1
42949673007,1
42949672975,1
42949672965,1
42949672970,1
42949672987,1
42949672982,1
42949673006,1
42949672998,1
42949672985,1
42949672980,1
42949672961,1
42949673005,1
42949672999,1
42949672968,1
42949672991,1
42949672969,1
42949672995,1
42949672988,1
42949672986,1
42949673009,1
42949672977,1
42949672992,1
42949672994,1
42949672973,1
42949673008,1
42949673001,1
42949672979,1
42949673004,1
42949672962,1
42949672978,1
42949673002,1
42949672984,1
42949673003,1
42949672964,1
42949672989,1
42949672972,1
42949672997,1
42949672974,1
42949672981,1
42949672993,1
51539607568,1
51539607563,1
51539607586,1
51539607565,1
51539607576,1
51539607564,1
51539607582,1
51539607557,1
51539607560,1
51539607559,1
51539607558,1
51539607585,1
51539607580,1
51539607553,1
51539607562,1
51539607578,1
51539607573,1
51539607584,1
51539607587,1
51539607588,1
51539607554,1
51539607561,1
51539607574,1
51539607555,1
51539607567,1
51539607552,1
51539607572,1
51539607566,1
51539607581,1
51539607556,1
51539607583,1
51539607569,1
60129542180,1
60129542184,1
60129542176,1
60129542159,1
60129542167,1
60129542152,1
60129542177,1
60129542150,1
60129542181,1
60129542158,1
60129542170,1
60129542186,1
60129542182,1
60129542154,1
60129542183,1
60129542178,1
60129542144,1
60129542172,1
60129542166,1
60129542163,1
60129542149,1
60129542155,1
60129542146,1
60129542169,1
60129542157,1
60129542185,1
60129542161,1
60129542171,1
60129542168,1
60129542179,1
68719476737,1
68719476759,1
68719476769,1
68719476762,1
68719476756,1
68719476751,1
68719476743,1
68719476771,1
68719476750,1
68719476746,1
68719476747,1
68719476738,1
68719476755,1
68719476752,1
68719476765,1
68719476740,1
68719476760,1
68719476766,1
68719476770,1
68719476749,1
68719476761,1
68719476736,1
68719476767,1
68719476757,1
68719476768,1
68719476745,1
77309411361,1
77309411343,1
77309411344,1
77309411347,1
77309411356,1
77309411331,1
77309411342,1
77309411333,1
77309411354,1
77309411332,1
77309411336,1
77309411335,1
77309411330,1
77309411350,1
77309411337,1
77309411339,1
77309411340,1
77309411357,1
77309411346,1
77309411338,1
77309411363,1
77309411355,1
77309411360,1
77309411345,1
77309411351,1
77309411362,1
77309411358,1
77309411349,1
85899345941,1
85899345928,1
85899345947,1
85899345939,1
85899345934,1
85899345923,1
85899345924,1
85899345945,1
85899345936,1
85899345943,1
85899345931,1
85899345926,1
85899345937,1
85899345925,1
85899345921,1
85899345933,1
85899345946,1
85899345927,1
85899345944,1
85899345935,1
85899345932,1
85899345929,1
85899345942,1
85899345940,1
85899345938,1
94489280520,1
94489280536,1
94489280515,1
94489280522,1
94489280543,1
94489280516,1
94489280529,1
94489280524,1
94489280544,1
94489280527,1
94489280541,1
94489280545,1
94489280547,1
94489280525,1
94489280513,1
94489280521,1
94489280526,1
94489280542,1
94489280530,1
94489280528,1
94489280538,1
94489280540,1
94489280537,1
94489280519,1
94489280517,1
94489280532,1
94489280512,1
94489280514,1
94489280539,1
94489280531,1
94489280546,1
103079215119,1
103079215106,1
103079215127,1
103079215109,1
103079215116,1
103079215134,1
103079215110,1
103079215105,1
103079215124,1
103079215126,1
103079215108,1
103079215111,1
103079215120,1
103079215123,1
103079215118,1
103079215107,1
103079215121,1
103079215131,1
103079215130,1
103079215112,1
103079215128,1
103079215132,1
103079215129,1
103079215125,1
103079215133,1
103079215117,1
103079215113,1
103079215104,1
111669149712,1
111669149699,1
111669149702,1
111669149710,1
111669149723,1
111669149705,1
111669149722,1
111669149706,1
111669149714,1
111669149716,1
111669149703,1
111669149704,1
111669149726,1
111669149725,1
111669149711,1
111669149724,1
111669149730,1
111669149729,1
111669149708,1
111669149717,1
111669149709,1
111669149701,1
111669149697,1
111669149721,1
111669149727,1
111669149715,1
111669149713,1
111669149719,1
111669149720,1
111669149700,1
120259084293,1
120259084300,1
120259084317,1
120259084312,1
120259084316,1
120259084290,1
120259084314,1
120259084308,1
120259084328,1
120259084333,1
120259084330,1
120259084304,1
120259084311,1
120259084295,1
120259084299,1
120259084322,1
120259084310,1
120259084320,1
120259084305,1
120259084326,1
120259084332,1
120259084289,1
120259084302,1
120259084296,1
120259084309,1
120259084298,1
120259084318,1
120259084306,1
120259084291,1
120259084331,1
120259084325,1
120259084315,1
120259084288,1
120259084321,1
120259084319,1
120259084297,1
120259084329,1
120259084294,1
120259084303,1
120259084292,1
120259084307,1
128849018891,1
128849018893,1
128849018895,1
128849018889,1
128849018902,1
128849018900,1
128849018897,1
128849018904,1
128849018883,1
128849018894,1
128849018887,1
128849018882,1
128849018892,1
128849018881,1
128849018886,1
128849018888,1
128849018896,1
137438953476,1
137438953500,1
137438953488,1
137438953480,1
137438953509,1
137438953479,1
137438953477,1
137438953499,1
137438953472,1
137438953504,1
137438953501,1
137438953503,1
137438953506,1
137438953490,1
137438953489,1
137438953496,1
137438953485,1
137438953475,1
137438953492,1
137438953497,1
137438953507,1
137438953473,1
137438953478,1
137438953494,1
137438953484,1
137438953502,1
137438953491,1
137438953482,1
137438953508,1
137438953505,1
137438953487,1
146028888066,1
146028888086,1
146028888093,1
146028888083,1
146028888084,1
146028888092,1
146028888081,1
146028888070,1
146028888102,1
146028888064,1
146028888071,1
146028888097,1
146028888069,1
146028888079,1
146028888065,1
146028888094,1
146028888100,1
146028888077,1
146028888089,1
146028888096,1
146028888067,1
146028888075,1
146028888088,1
146028888091,1
146028888105,1
146028888085,1
146028888099,1
146028888087,1
146028888104,1
146028888073,1
146028888090,1
146028888072,1
146028888074,1
154618822683,1
154618822662,1
154618822675,1
154618822666,1
154618822659,1
154618822681,1
154618822660,1
154618822680,1
154618822669,1
154618822665,1
154618822685,1
154618822676,1
154618822667,1
154618822670,1
154618822668,1
154618822672,1
154618822682,1
154618822661,1
154618822684,1
154618822663,1
154618822677,1
154618822679,1
163208757271,1
163208757278,1
163208757281,1
163208757260,1
163208757284,1
163208757264,1
163208757276,1
163208757255,1
163208757270,1
163208757250,1
163208757256,1
163208757267,1
163208757286,1
163208757258,1
163208757274,1
163208757257,1
163208757252,1
163208757249,1
163208757251,1
163208757263,1
163208757283,1
163208757265,1
163208757282,1
163208757253,1
163208757254,1
163208757262,1
163208757275,1
171798691862,1
171798691863,1
171798691870,1
171798691860,1
171798691859,1
171798691851,1
171798691865,1
171798691872,1
171798691864,1
171798691846,1
171798691861,1
171798691866,1
171798691845,1
171798691843,1
171798691853,1
171798691869,1
171798691847,1
171798691850,1
171798691867,1
171798691875,1
171798691840,1
171798691856,1
171798691849,1
171798691857,1
171798691842,1
171798691873,1
171798691874,1
171798691858,1
171798691854,1
171798691876,1
171798691852,1
171798691855,1
171798691868,1
171798691844,1
171798691871,1
180388626459,1
180388626458,1
180388626452,1
180388626448,1
180388626463,1
180388626462,1
180388626441,1
180388626444,1
180388626440,1
180388626451,1
180388626438,1
180388626443,1
180388626436,1
180388626446,1
180388626449,1
180388626461,1
180388626464,1
180388626439,1
180388626460,1
180388626442,1
180388626435,1
180388626437,1
180388626456,1
180388626447,1
180388626445,1
180388626455,1
180388626457,1
180388626433,1
180388626454,1
180388626453,1
188978561025,1
188978561044,1
188978561037,1
188978561060,1
188978561040,1
188978561048,1
188978561072,1
188978561031,1
188978561052,1
188978561053,1
188978561058,1
188978561068,1
188978561028,1
188978561069,1
188978561046,1
188978561039,1
188978561030,1
188978561051,1
188978561036,1
188978561026,1
188978561042,1
188978561038,1
188978561029,1
188978561057,1
188978561056,1
188978561065,1
188978561034,1
188978561032,1
188978561027,1
188978561061,1
188978561033,1
188978561071,1
188978561050,1
188978561049,1
188978561054,1
188978561067,1
188978561062,1
188978561045,1
188978561055,1
188978561043,1
188978561059,1
197568495640,1
197568495649,1
197568495631,1
197568495618,1
197568495642,1
197568495644,1
197568495633,1
197568495638,1
197568495645,1
197568495617,1
197568495621,1
197568495630,1
197568495647,1
197568495636,1
197568495623,1
197568495626,1
197568495635,1
197568495651,1
197568495619,1
197568495627,1
197568495625,1
197568495646,1
197568495629,1
197568495648,1
197568495641,1
197568495628,1
197568495637,1
206158430226,1
206158430245,1
206158430234,1
206158430224,1
206158430216,1
206158430238,1
206158430243,1
206158430220,1
206158430231,1
206158430251,1
206158430244,1
206158430235,1
206158430222,1
206158430252,1
206158430215,1
206158430247,1
206158430250,1
206158430214,1
206158430211,1
206158430249,1
206158430240,1
206158430208,1
206158430217,1
206158430213,1
206158430233,1
206158430218,1
206158430225,1
206158430239,1
206158430219,1
206158430209,1
206158430212,1
206158430230,1
206158430242,1
206158430229,1
206158430246,1
206158430232,1
206158430221,1
214748364813,1
214748364816,1
214748364823,1
214748364812,1
214748364824,1
214748364825,1
214748364820,1
214748364815,1
214748364808,1
214748364826,1
214748364801,1
214748364809,1
214748364810,1
214748364827,1
214748364800,1
214748364821,1
214748364803,1
214748364807,1
214748364804,1
214748364818,1
214748364829,1
214748364806,1
214748364814,1
214748364805,1
214748364811,1
214748364828,1
223338299414,1
223338299412,1
223338299399,1
223338299400,1
223338299423,1
223338299426,1
223338299392,1
223338299416,1
223338299408,1
223338299404,1
223338299417,1
223338299419,1
223338299397,1
223338299395,1
223338299398,1
223338299409,1
223338299422,1
223338299427,1
223338299410,1
223338299421,1
223338299420,1
223338299418,1
223338299411,1
223338299425,1
223338299405,1
223338299394,1
223338299413,1
223338299403,1
231928233998,1
231928234007,1
231928233994,1
231928234001,1
231928234003,1
231928234000,1
231928233992,1
231928233984,1
231928234005,1
231928234011,1
231928234010,1
231928233986,1
231928234004,1
231928233990,1
231928234008,1
231928234009,1
231928233995,1
231928233993,1
231928233997,1
231928233987,1
231928233988,1
231928233991,1
231928233999,1
231928234002,1
231928233996,1
240518168616,1
240518168615,1
240518168586,1
240518168584,1
240518168577,1
240518168581,1
240518168614,1
240518168610,1
240518168576,1
240518168592,1
240518168613,1
240518168578,1
240518168591,1
240518168603,1
240518168612,1
240518168599,1
240518168608,1
240518168597,1
240518168609,1
240518168580,1
240518168582,1
240518168595,1
240518168601,1
240518168579,1
240518168596,1
240518168611,1
240518168588,1
240518168594,1
240518168590,1
240518168607,1
240518168605,1
249108103177,1
249108103201,1
249108103202,1
249108103192,1
249108103210,1
249108103191,1
249108103172,1
249108103175,1
249108103208,1
249108103203,1
249108103183,1
249108103182,1
249108103209,1
249108103176,1
249108103200,1
249108103168,1
249108103207,1
249108103198,1
249108103185,1
249108103188,1
249108103169,1
249108103180,1
249108103195,1
249108103206,1
249108103199,1
249108103211,1
249108103190,1
249108103178,1
249108103186,1
249108103204,1
249108103205,1
249108103193,1
249108103194,1
257698037791,1
257698037781,1
257698037768,1
257698037782,1
257698037785,1
257698037793,1
257698037773,1
257698037772,1
257698037764,1
257698037770,1
257698037761,1
257698037789,1
257698037780,1
257698037777,1
257698037771,1
257698037784,1
257698037766,1
257698037794,1
257698037762,1
257698037767,1
257698037792,1
257698037774,1
257698037778,1
257698037779,1
257698037783,1
257698037776,1
257698037787,1
257698037775,1
257698037763,1
257698037796,1
266287972355,1
266287972353,1
266287972367,1
266287972371,1
266287972377,1
266287972380,1
266287972385,1
266287972379,1
266287972375,1
266287972361,1
266287972374,1
266287972395,1
266287972356,1
266287972358,1
266287972387,1
266287972364,1
266287972363,1
266287972352,1
266287972369,1
266287972384,1
266287972381,1
266287972376,1
266287972383,1
266287972378,1
266287972390,1
266287972370,1
266287972388,1
266287972354,1
266287972360,1
266287972365,1
266287972391,1
266287972366,1
266287972372,1
266287972394,1
266287972389,1
266287972393,1
266287972373,1
266287972382,1
274877906991,1
274877906989,1
274877906953,1
274877906960,1
274877906949,1
274877906976,1
274877906955,1
274877906971,1
274877906944,1
274877906947,1
274877906988,1
274877906968,1
274877906972,1
274877906982,1
274877906980,1
274877906954,1
274877906962,1
274877906969,1
274877906946,1
274877906987,1
274877906945,1
274877906983,1
274877906974,1
274877906965,1
274877906963,1
274877906978,1
274877906990,1
274877906948,1
274877906985,1
274877906984,1
274877906975,1
274877906959,1
274877906973,1
274877906964,1
274877906952,1
274877906956,1
274877906979,1
274877906981,1
283467841566,1
283467841552,1
283467841554,1
283467841557,1
283467841546,1
283467841540,1
283467841549,1
283467841569,1
283467841575,1
283467841567,1
283467841580,1
283467841558,1
283467841584,1
283467841565,1
283467841555,1
283467841572,1
283467841573,1
283467841561,1
283467841563,1
283467841583,1
283467841581,1
283467841537,1
283467841576,1
283467841556,1
283467841559,1
283467841570,1
283467841578,1
283467841550,1
283467841571,1
283467841543,1
283467841548,1
283467841560,1
283467841547,1
283467841545,1
283467841542,1
283467841551,1
283467841582,1
292057776146,1
292057776148,1
292057776131,1
292057776142,1
292057776136,1
292057776128,1
292057776133,1
292057776147,1
292057776140,1
292057776138,1
292057776129,1
292057776143,1
292057776141,1
292057776145,1
292057776132,1
292057776149,1
292057776150,1
292057776144,1
292057776137,1
292057776134,1
292057776151,1
292057776152,1
300647710732,1
300647710735,1
300647710752,1
300647710736,1
300647710743,1
300647710754,1
300647710748,1
300647710725,1
300647710751,1
300647710724,1
300647710744,1
300647710726,1
300647710739,1
300647710727,1
300647710723,1
300647710722,1
300647710740,1
300647710730,1
300647710745,1
300647710749,1
300647710742,1
300647710753,1
300647710737,1
300647710731,1
300647710741,1
300647710755,1
300647710747,1
300647710720,1
300647710750,1
300647710733,1
300647710738,1
309237645314,1
309237645339,1
309237645316,1
309237645324,1
309237645321,1
309237645338,1
309237645345,1
309237645325,1
309237645315,1
309237645340,1
309237645331,1
309237645329,1
309237645332,1
309237645328,1
309237645333,1
309237645312,1
309237645330,1
309237645319,1
309237645320,1
309237645341,1
309237645323,1
309237645344,1
309237645326,1
309237645313,1
309237645318,1
309237645342,1
309237645336,1
309237645322,1
309237645334,1
309237645343,1
309237645337,1
317827579934,1
317827579909,1
317827579936,1
317827579920,1
317827579943,1
317827579921,1
317827579931,1
317827579929,1
317827579922,1
317827579942,1
317827579918,1
317827579944,1
317827579919,1
317827579947,1
317827579937,1
317827579916,1
317827579932,1
317827579938,1
317827579910,1
317827579928,1
317827579913,1
317827579924,1
317827579930,1
317827579914,1
317827579907,1
317827579915,1
317827579926,1
317827579933,1
317827579911,1
317827579923,1
317827579904,1
317827579917,1
317827579939,1
317827579925,1
317827579927,1
317827579946,1
326417514519,1
326417514505,1
326417514520,1
326417514525,1
326417514507,1
326417514503,1
326417514521,1
326417514517,1
326417514524,1
326417514502,1
326417514500,1
326417514504,1
326417514516,1
326417514528,1
326417514530,1
326417514512,1
326417514515,1
326417514501,1
326417514518,1
326417514509,1
326417514523,1
326417514506,1
326417514497,1
326417514508,1
326417514510,1
326417514531,1
326417514527,1
326417514511,1
326417514529,1
326417514499,1
335007449116,1
335007449123,1
335007449122,1
335007449110,1
335007449112,1
335007449106,1
335007449115,1
335007449098,1
335007449091,1
335007449099,1
335007449119,1
335007449107,1
335007449089,1
335007449097,1
335007449096,1
335007449088,1
335007449104,1
335007449109,1
335007449121,1
335007449120,1
335007449100,1
335007449105,1
335007449113,1
335007449093,1
335007449090,1
335007449101,1
335007449102,1
335007449118,1
335007449111,1
335007449108,1
343597383706,1
343597383711,1
343597383692,1
343597383696,1
343597383704,1
343597383709,1
343597383681,1
343597383693,1
343597383701,1
343597383691,1
343597383705,1
343597383699,1
343597383694,1
343597383702,1
343597383685,1
343597383703,1
343597383689,1
343597383688,1
343597383710,1
343597383708,1
343597383712,1
343597383687,1
343597383713,1
343597383695,1
343597383698,1
343597383683,1
343597383697,1
343597383690,1
343597383680,1
352187318302,1
352187318273,1
352187318293,1
352187318296,1
352187318295,1
352187318274,1
352187318280,1
352187318279,1
352187318292,1
352187318277,1
352187318299,1
352187318283,1
352187318290,1
352187318305,1
352187318278,1
352187318284,1
352187318281,1
352187318300,1
352187318304,1
352187318289,1
352187318294,1
352187318297,1
352187318288,1
352187318303,1
352187318282,1
352187318276,1
352187318287,1
352187318291,1
352187318275,1
352187318272,1
352187318298,1
360777252884,1
360777252887,1
360777252897,1
360777252886,1
360777252864,1
360777252898,1
360777252892,1
360777252889,1
360777252880,1
360777252895,1
360777252891,1
360777252871,1
360777252893,1
360777252866,1
360777252890,1
360777252882,1
360777252869,1
360777252874,1
360777252883,1
360777252868,1
360777252894,1
360777252885,1
360777252870,1
360777252896,1
360777252879,1
360777252878,1
360777252872,1
360777252873,1
360777252867,1
360777252881,1
369367187470,1
369367187471,1
369367187491,1
369367187467,1
369367187472,1
369367187489,1
369367187473,1
369367187474,1
369367187468,1
369367187469,1
369367187457,1
369367187478,1
369367187488,1
369367187480,1
369367187461,1
369367187483,1
369367187458,1
369367187456,1
369367187484,1
369367187476,1
369367187465,1
369367187464,1
369367187481,1
369367187462,1
369367187479,1
369367187482,1
369367187486,1
369367187466,1
369367187487,1
369367187490,1
377957122049,1
377957122073,1
377957122053,1
377957122072,1
377957122050,1
377957122055,1
377957122075,1
377957122074,1
377957122062,1
377957122059,1
377957122071,1
377957122061,1
377957122067,1
377957122070,1
377957122066,1
377957122057,1
377957122063,1
377957122065,1
377957122052,1
377957122069,1
377957122058,1
377957122051,1
377957122064,1
377957122060,1
377957122077,1
377957122068,1
386547056684,1
386547056642,1
386547056664,1
386547056686,1
386547056658,1
386547056661,1
386547056648,1
386547056654,1
386547056681,1
386547056645,1
386547056649,1
386547056655,1
386547056691,1
386547056651,1
386547056643,1
386547056680,1
386547056674,1
386547056650,1
386547056666,1
386547056672,1
386547056687,1
386547056668,1
386547056683,1
386547056652,1
386547056678,1
386547056677,1
386547056640,1
386547056682,1
386547056662,1
386547056673,1
386547056689,1
386547056679,1
386547056656,1
386547056665,1
386547056675,1
386547056647,1
386547056685,1
386547056659,1
386547056688,1
386547056653,1
395136991243,1
395136991265,1
395136991261,1
395136991236,1
395136991254,1
395136991259,1
395136991257,1
395136991233,1
395136991237,1
395136991238,1
395136991253,1
395136991258,1
395136991262,1
395136991260,1
395136991234,1
395136991255,1
395136991263,1
395136991249,1
395136991241,1
395136991245,1
395136991239,1
395136991244,1
395136991251,1
395136991256,1
395136991240,1
395136991248,1
395136991247,1
395136991246,1
395136991250,1
403726925846,1
403726925849,1
403726925852,1
403726925825,1
403726925829,1
403726925854,1
403726925836,1
403726925842,1
403726925832,1
403726925833,1
403726925834,1
403726925843,1
403726925845,1
403726925841,1
403726925848,1
403726925839,1
403726925835,1
403726925840,1
403726925851,1
403726925853,1
403726925850,1
403726925847,1
403726925844,1
412316860421,1
412316860420,1
412316860431,1
412316860433,1
412316860438,1
412316860416,1
412316860422,1
412316860427,1
412316860432,1
412316860417,1
412316860425,1
412316860434,1
412316860418,1
412316860441,1
412316860435,1
412316860424,1
412316860440,1
412316860430,1
412316860442,1
412316860443,1
412316860428,1
412316860439,1
420906795035,1
420906795031,1
420906795011,1
420906795027,1
420906795043,1
420906795042,1
420906795012,1
420906795018,1
420906795041,1
420906795039,1
420906795015,1
420906795020,1
420906795037,1
420906795021,1
420906795036,1
420906795022,1
420906795029,1
420906795017,1
420906795025,1
420906795026,1
420906795024,1
420906795034,1
420906795009,1
420906795038,1
420906795033,1
420906795019,1
420906795030,1
420906795040,1
420906795008,1
420906795013,1
420906795023,1
420906795028,1
429496729640,1
429496729619,1
429496729636,1
429496729611,1
429496729637,1
429496729609,1
429496729622,1
429496729603,1
429496729617,1
429496729621,1
429496729641,1
429496729615,1
429496729631,1
429496729632,1
429496729628,1
429496729613,1
429496729602,1
429496729644,1
429496729620,1
429496729638,1
429496729645,1
429496729616,1
429496729633,1
429496729606,1
429496729630,1
429496729610,1
429496729634,1
429496729608,1
429496729643,1
429496729629,1
429496729646,1
429496729605,1
429496729625,1
429496729614,1
429496729601,1
438086664219,1
438086664201,1
438086664213,1
438086664220,1
438086664196,1
438086664209,1
438086664216,1
438086664202,1
438086664218,1
438086664197,1
438086664205,1
438086664212,1
438086664193,1
438086664211,1
438086664215,1
438086664199,1
438086664192,1
438086664214,1
438086664217,1
438086664206,1
438086664203,1
438086664204,1
438086664208,1
446676598813,1
446676598811,1
446676598818,1
446676598795,1
446676598810,1
446676598814,1
446676598797,1
446676598802,1
446676598806,1
446676598790,1
446676598816,1
446676598809,1
446676598794,1
446676598812,1
446676598808,1
446676598798,1
446676598801,1
446676598815,1
446676598791,1
446676598787,1
446676598803,1
446676598793,1
446676598792,1
446676598800,1
446676598799,1
446676598804,1
446676598805,1
446676598807,1
446676598789,1
446676598785,1
446676598784,1
446676598786,1
446676598817,1
455266533408,1
455266533412,1
455266533410,1
455266533382,1
455266533409,1
455266533384,1
455266533377,1
455266533411,1
455266533378,1
455266533386,1
455266533404,1
455266533376,1
455266533398,1
455266533399,1
455266533413,1
455266533395,1
455266533387,1
455266533393,1
455266533397,1
455266533390,1
455266533392,1
455266533396,1
455266533388,1
455266533389,1
455266533391,1
455266533394,1
455266533405,1
463856467982,1
463856467984,1
463856467985,1
463856467992,1
463856467979,1
463856467987,1
463856467971,1
463856467994,1
463856467990,1
463856467981,1
463856467980,1
463856467974,1
463856467986,1
463856467991,1
463856467977,1
463856467972,1
463856467969,1
463856467993,1
463856467968,1
463856467976,1
472446402592,1
472446402563,1
472446402589,1
472446402561,1
472446402577,1
472446402564,1
472446402580,1
472446402595,1
472446402588,1
472446402597,1
472446402590,1
472446402598,1
472446402575,1
472446402572,1
472446402593,1
472446402587,1
472446402566,1
472446402565,1
472446402571,1
472446402573,1
472446402567,1
472446402586,1
472446402569,1
472446402583,1
472446402568,1
472446402574,1
472446402585,1
472446402570,1
472446402581,1
472446402576,1
472446402578,1
472446402594,1
472446402596,1
472446402560,1
481036337189,1
481036337160,1
481036337175,1
481036337157,1
481036337188,1
481036337187,1
481036337174,1
481036337163,1
481036337185,1
481036337181,1
481036337170,1
481036337165,1
481036337164,1
481036337158,1
481036337176,1
481036337179,1
481036337173,1
481036337171,1
481036337182,1
481036337180,1
481036337156,1
481036337178,1
481036337177,1
481036337153,1
481036337166,1
481036337159,1
481036337184,1
489626271757,1
489626271760,1
489626271756,1
489626271754,1
489626271772,1
489626271750,1
489626271768,1
489626271751,1
489626271761,1
489626271765,1
489626271769,1
489626271745,1
489626271770,1
489626271746,1
489626271749,1
489626271762,1
489626271755,1
489626271771,1
489626271763,1
489626271748,1
489626271758,1
489626271753,1
489626271744,1
489626271764,1
498216206374,1
498216206342,1
498216206338,1
498216206353,1
498216206361,1
498216206337,1
498216206352,1
498216206356,1
498216206369,1
498216206372,1
498216206376,1
498216206357,1
498216206340,1
498216206359,1
498216206350,1
498216206341,1
498216206349,1
498216206370,1
498216206373,1
498216206358,1
498216206339,1
498216206364,1
498216206366,1
498216206346,1
498216206336,1
498216206365,1
498216206343,1
498216206347,1
498216206344,1
498216206345,1
498216206375,1
498216206355,1
498216206354,1
498216206360,1
506806140928,1
506806140947,1
506806140938,1
506806140957,1
506806140945,1
506806140949,1
506806140933,1
506806140942,1
506806140932,1
506806140936,1
506806140944,1
506806140931,1
506806140930,1
506806140934,1
506806140935,1
506806140953,1
506806140937,1
506806140943,1
506806140929,1
506806140941,1
506806140952,1
506806140939,1
506806140955,1
506806140946,1
515396075543,1
515396075522,1
515396075523,1
515396075527,1
515396075524,1
515396075542,1
515396075538,1
515396075541,1
515396075521,1
515396075535,1
515396075529,1
515396075539,1
515396075533,1
515396075534,1
515396075526,1
515396075536,1
515396075525,1
515396075540,1
515396075530,1
515396075537,1
515396075528,1
523986010123,1
523986010149,1
523986010126,1
523986010139,1
523986010116,1
523986010118,1
523986010133,1
523986010121,1
523986010124,1
523986010132,1
523986010147,1
523986010145,1
523986010122,1
523986010142,1
523986010117,1
523986010128,1
523986010112,1
523986010115,1
523986010134,1
523986010143,1
523986010148,1
523986010141,1
523986010125,1
523986010135,1
523986010127,1
523986010138,1
523986010120,1
523986010136,1
523986010131,1
523986010114,1
523986010144,1
523986010146,1
532575944733,1
532575944719,1
532575944734,1
532575944738,1
532575944731,1
532575944726,1
532575944736,1
532575944741,1
532575944708,1
532575944704,1
532575944709,1
532575944725,1
532575944739,1
532575944732,1
532575944718,1
532575944720,1
532575944724,1
532575944721,1
532575944707,1
532575944715,1
532575944729,1
532575944714,1
532575944717,1
532575944727,1
532575944712,1
532575944711,1
532575944722,1
532575944728,1
532575944706,1
532575944723,1
532575944740,1
541165879314,1
541165879327,1
541165879323,1
541165879331,1
541165879318,1
541165879317,1
541165879330,1
541165879313,1
541165879309,1
541165879307,1
541165879321,1
541165879305,1
541165879310,1
541165879319,1
541165879298,1
541165879322,1
541165879315,1
541165879297,1
541165879312,1
541165879311,1
541165879324,1
541165879306,1
541165879326,1
541165879328,1
541165879300,1
541165879308,1
541165879325,1
541165879332,1
549755813904,1
549755813918,1
549755813889,1
549755813900,1
549755813905,1
549755813921,1
549755813903,1
549755813922,1
549755813910,1
549755813896,1
549755813909,1
549755813913,1
549755813925,1
549755813917,1
549755813888,1
549755813914,1
549755813924,1
549755813920,1
549755813891,1
549755813898,1
549755813908,1
549755813907,1
549755813911,1
549755813901,1
549755813923,1
549755813906,1
549755813893,1
549755813890,1
549755813892,1
549755813912,1
549755813915,1
549755813895,1
558345748521,1
558345748480,1
558345748504,1
558345748487,1
558345748497,1
558345748490,1
558345748499,1
558345748518,1
558345748520,1
558345748511,1
558345748512,1
558345748489,1
558345748515,1
558345748509,1
558345748492,1
558345748516,1
558345748481,1
558345748500,1
558345748519,1
558345748488,1
558345748491,1
558345748502,1
558345748513,1
558345748514,1
558345748496,1
558345748506,1
558345748494,1
558345748482,1
558345748510,1
558345748503,1
558345748498,1
558345748517,1
558345748505,1
558345748508,1
558345748483,1
558345748493,1
558345748507,1
566935683083,1
566935683085,1
566935683099,1
566935683091,1
566935683088,1
566935683098,1
566935683080,1
566935683075,1
566935683090,1
566935683072,1
566935683104,1
566935683084,1
566935683101,1
566935683094,1
566935683077,1
566935683076,1
566935683081,1
566935683086,1
566935683102,1
566935683100,1
566935683082,1
566935683093,1
566935683089,1
566935683105,1
566935683103,1
566935683096,1
566935683078,1
566935683095,1
575525617672,1
575525617680,1
575525617700,1
575525617686,1
575525617679,1
575525617668,1
575525617696,1
575525617670,1
575525617697,1
575525617698,1
575525617681,1
575525617689,1
575525617688,1
575525617690,1
575525617676,1
575525617674,1
575525617671,1
575525617667,1
575525617693,1
575525617687,1
575525617699,1
575525617665,1
575525617684,1
575525617701,1
575525617695,1
575525617678,1
575525617683,1
575525617675,1
575525617664,1
575525617682,1
575525617673,1
575525617692,1
575525617691,1
575525617677,1
584115552262,1
584115552277,1
584115552283,1
584115552275,1
584115552257,1
584115552280,1
584115552273,1
584115552286,1
584115552263,1
584115552276,1
584115552270,1
584115552285,1
584115552274,1
584115552268,1
584115552278,1
584115552267,1
584115552266,1
584115552282,1
584115552284,1
584115552261,1
584115552256,1
584115552279,1
584115552264,1
584115552272,1
584115552281,1
592705486872,1
592705486869,1
592705486863,1
592705486858,1
592705486873,1
592705486852,1
592705486862,1
592705486855,1
592705486861,1
592705486859,1
592705486868,1
592705486870,1
592705486851,1
592705486876,1
592705486867,1
592705486866,1
592705486875,1
592705486864,1
592705486874,1
592705486856,1
592705486848,1
592705486865,1
592705486853,1
601295421448,1
601295421460,1
601295421455,1
601295421451,1
601295421457,1
601295421447,1
601295421464,1
601295421440,1
601295421465,1
601295421446,1
601295421449,1
601295421452,1
601295421467,1
601295421461,1
601295421453,1
601295421462,1
601295421450,1
601295421466,1
601295421469,1
601295421445,1
601295421459,1
601295421444,1
601295421458,1
601295421463,1
609885356041,1
609885356057,1
609885356038,1
609885356036,1
609885356042,1
609885356051,1
609885356056,1
609885356049,1
609885356032,1
609885356037,1
609885356054,1
609885356039,1
609885356047,1
609885356040,1
609885356053,1
609885356050,1
609885356045,1
609885356055,1
609885356044,1
609885356052,1
609885356059,1
609885356033,1
609885356048,1
609885356043,1
618475290624,1
618475290637,1
618475290626,1
618475290652,1
618475290645,1
618475290638,1
618475290646,1
618475290636,1
618475290630,1
618475290640,1
618475290639,1
618475290644,1
618475290649,1
618475290651,1
618475290641,1
618475290653,1
618475290629,1
618475290634,1
618475290655,1
618475290648,1
618475290627,1
618475290647,1
618475290632,1
618475290635,1
618475290643,1
618475290657,1
618475290628,1
618475290656,1
618475290654,1
627065225234,1
627065225230,1
627065225218,1
627065225216,1
627065225225,1
627065225246,1
627065225228,1
627065225223,1
627065225224,1
627065225229,1
627065225217,1
627065225232,1
627065225233,1
627065225236,1
627065225242,1
627065225240,1
627065225237,1
627065225245,1
627065225244,1
627065225239,1
627065225220,1
627065225241,1
627065225235,1
627065225238,1
627065225231,1
627065225243,1
635655159832,1
635655159829,1
635655159809,1
635655159838,1
635655159833,1
635655159839,1
635655159812,1
635655159815,1
635655159827,1
635655159830,1
635655159822,1
635655159837,1
635655159818,1
635655159808,1
635655159836,1
635655159810,1
635655159840,1
635655159814,1
635655159824,1
635655159826,1
635655159823,1
635655159819,1
635655159831,1
635655159820,1
635655159834,1
635655159828,1
644245094424,1
644245094425,1
644245094411,1
644245094409,1
644245094416,1
644245094406,1
644245094420,1
644245094422,1
644245094408,1
644245094413,1
644245094418,1
644245094407,1
644245094401,1
644245094417,1
644245094421,1
644245094410,1
644245094419,1
644245094423,1
644245094404,1
652835029011,1
652835028992,1
652835029003,1
652835029012,1
652835029019,1
652835029021,1
652835029022,1
652835029005,1
652835029010,1
652835028997,1
652835029007,1
652835028996,1
652835028998,1
652835028994,1
652835029015,1
652835029018,1
652835029006,1
652835029020,1
652835029017,1
652835029024,1
652835028995,1
652835029023,1
652835029008,1
652835029004,1
661424963617,1
661424963596,1
661424963610,1
661424963611,1
661424963589,1
661424963595,1
661424963612,1
661424963600,1
661424963603,1
661424963593,1
661424963609,1
661424963591,1
661424963599,1
661424963586,1
661424963602,1
661424963585,1
661424963590,1
661424963587,1
661424963613,1
661424963618,1
661424963605,1
661424963606,1
661424963607,1
661424963608,1
661424963614,1
661424963615,1
661424963588,1
661424963598,1
670014898196,1
670014898197,1
670014898186,1
670014898200,1
670014898204,1
670014898203,1
670014898206,1
670014898178,1
670014898207,1
670014898189,1
670014898184,1
670014898179,1
670014898195,1
670014898187,1
670014898202,1
670014898201,1
670014898194,1
670014898192,1
670014898191,1
670014898177,1
670014898190,1
670014898180,1
670014898198,1
670014898199,1
670014898185,1
670014898205,1
670014898181,1
678604832769,1
678604832813,1
678604832795,1
678604832810,1
678604832777,1
678604832806,1
678604832801,1
678604832787,1
678604832797,1
678604832782,1
678604832791,1
678604832794,1
678604832778,1
678604832772,1
678604832790,1
678604832804,1
678604832807,1
678604832793,1
678604832786,1
678604832812,1
678604832808,1
678604832799,1
678604832770,1
678604832792,1
678604832796,1
678604832809,1
678604832811,1
678604832774,1
678604832773,1
678604832789,1
678604832803,1
678604832798,1
678604832771,1
678604832805,1
687194767378,1
687194767386,1
687194767367,1
687194767387,1
687194767362,1
687194767379,1
687194767371,1
687194767383,1
687194767375,1
687194767369,1
687194767374,1
687194767365,1
687194767373,1
687194767372,1
687194767384,1
687194767376,1
687194767388,1
687194767363,1
687194767380,1
687194767377,1
687194767368,1
687194767385,1
687194767360,1
687194767381,1
695784701974,1
695784701966,1
695784701973,1
695784701978,1
695784701969,1
695784701971,1
695784701987,1
695784701981,1
695784701991,1
695784701988,1
695784701992,1
695784701989,1
695784701961,1
695784701956,1
695784701959,1
695784701952,1
695784701967,1
695784701982,1
695784701972,1
695784701960,1
695784701990,1
695784701975,1
695784701965,1
695784701983,1
695784701977,1
695784701957,1
695784701964,1
695784701980,1
695784701985,1
695784701953,1
704374636545,1
704374636544,1
704374636556,1
704374636557,1
704374636549,1
704374636565,1
704374636566,1
704374636551,1
704374636568,1
704374636560,1
704374636573,1
704374636572,1
704374636561,1
704374636558,1
704374636575,1
704374636547,1
704374636576,1
704374636555,1
704374636559,1
704374636554,1
704374636564,1
704374636570,1
704374636574,1
704374636548,1
704374636553,1
704374636567,1
712964571159,1
712964571157,1
712964571148,1
712964571143,1
712964571144,1
712964571139,1
712964571138,1
712964571146,1
712964571155,1
712964571137,1
712964571140,1
712964571145,1
712964571154,1
712964571149,1
712964571151,1
712964571147,1
712964571158,1
712964571152,1
712964571156,1
712964571150,1
721554505749,1
721554505733,1
721554505751,1
721554505743,1
721554505738,1
721554505746,1
721554505752,1
721554505756,1
721554505754,1
721554505729,1
721554505740,1
721554505735,1
721554505757,1
721554505742,1
721554505753,1
721554505728,1
721554505759,1
721554505755,1
721554505741,1
721554505744,1
721554505732,1
721554505748,1
721554505731,1
721554505745,1
721554505737,1
721554505747,1
721554505736,1
730144440352,1
730144440348,1
730144440322,1
730144440333,1
730144440330,1
730144440327,1
730144440320,1
730144440350,1
730144440357,1
730144440329,1
730144440358,1
730144440342,1
730144440343,1
730144440338,1
730144440339,1
730144440332,1
730144440324,1
730144440340,1
730144440336,1
730144440334,1
730144440354,1
730144440360,1
730144440361,1
730144440353,1
730144440347,1
730144440346,1
730144440345,1
730144440355,1
730144440351,1
730144440356,1
730144440326,1
738734374916,1
738734374915,1
738734374926,1
738734374940,1
738734374914,1
738734374935,1
738734374917,1
738734374937,1
738734374936,1
738734374919,1
738734374918,1
738734374923,1
738734374943,1
738734374913,1
738734374941,1
738734374929,1
738734374932,1
738734374922,1
738734374924,1
738734374939,1
738734374931,1
738734374927,1
738734374934,1
738734374933,1
738734374942,1
738734374928,1
738734374930,1
738734374920,1
747324309531,1
747324309536,1
747324309519,1
747324309528,1
747324309507,1
747324309537,1
747324309527,1
747324309538,1
747324309543,1
747324309510,1
747324309517,1
747324309516,1
747324309518,1
747324309508,1
747324309513,1
747324309515,1
747324309506,1
747324309532,1
747324309526,1
747324309535,1
747324309511,1
747324309525,1
747324309540,1
747324309523,1
747324309539,1
747324309522,1
747324309505,1
747324309530,1
747324309541,1
747324309534,1
747324309542,1
747324309512,1
747324309533,1
755914244113,1
755914244101,1
755914244110,1
755914244107,1
755914244103,1
755914244096,1
755914244099,1
755914244100,1
755914244115,1
755914244112,1
755914244116,1
755914244117,1
755914244098,1
755914244109,1
755914244108,1
755914244111,1
755914244102,1
755914244106,1
755914244097,1
764504178712,1
764504178702,1
764504178707,1
764504178721,1
764504178714,1
764504178701,1
764504178708,1
764504178720,1
764504178709,1
764504178694,1
764504178700,1
764504178705,1
764504178719,1
764504178697,1
764504178690,1
764504178713,1
764504178717,1
764504178704,1
764504178692,1
764504178688,1
764504178695,1
764504178696,1
764504178716,1
764504178703,1
764504178706,1
764504178718,1
764504178698,1
764504178699,1
764504178722,1
764504178715,1
764504178691,1
764504178693,1
773094113299,1
773094113284,1
773094113295,1
773094113289,1
773094113280,1
773094113282,1
773094113286,1
773094113293,1
773094113290,1
773094113287,1
773094113285,1
773094113296,1
773094113301,1
773094113291,1
773094113303,1
773094113298,1
773094113292,1
773094113302,1
773094113288,1
773094113294,1
773094113281,1
773094113283,1
781684047886,1
781684047890,1
781684047898,1
781684047879,1
781684047887,1
781684047876,1
781684047889,1
781684047899,1
781684047885,1
781684047875,1
781684047900,1
781684047897,1
781684047882,1
781684047896,1
781684047881,1
781684047894,1
781684047895,1
781684047873,1
781684047880,1
781684047892,1
781684047884,1
781684047901,1
781684047878,1
781684047893,1
781684047888,1
781684047872,1
790273982468,1
790273982469,1
790273982464,1
790273982482,1
790273982472,1
790273982487,1
790273982470,1
790273982493,1
790273982498,1
790273982475,1
790273982485,1
790273982476,1
790273982496,1
790273982486,1
790273982481,1
790273982490,1
790273982474,1
790273982471,1
790273982466,1
790273982484,1
790273982501,1
790273982499,1
790273982489,1
790273982492,1
790273982483,1
790273982497,1
790273982500,1
790273982491,1
798863917073,1
798863917083,1
798863917095,1
798863917064,1
798863917060,1
798863917097,1
798863917063,1
798863917069,1
798863917067,1
798863917074,1
798863917084,1
798863917092,1
798863917082,1
798863917066,1
798863917098,1
798863917072,1
798863917057,1
798863917077,1
798863917078,1
798863917056,1
798863917061,1
798863917068,1
798863917090,1
798863917091,1
798863917080,1
798863917058,1
798863917096,1
798863917079,1
798863917062,1
798863917065,1
798863917071,1
798863917076,1
798863917059,1
798863917085,1
798863917089,1
798863917093,1
798863917075,1
798863917094,1
798863917086,1
807453851675,1
807453851651,1
807453851666,1
807453851670,1
807453851681,1
807453851680,1
807453851678,1
807453851657,1
807453851669,1
807453851679,1
807453851650,1
807453851655,1
807453851677,1
807453851676,1
807453851660,1
807453851663,1
807453851662,1
807453851671,1
807453851672,1
807453851664,1
807453851668,1
807453851659,1
807453851656,1
807453851667,1
807453851653,1
807453851648,1
807453851658,1
807453851649,1
807453851654,1
816043786252,1
816043786261,1
816043786285,1
816043786250,1
816043786259,1
816043786269,1
816043786256,1
816043786275,1
816043786249,1
816043786240,1
816043786243,1
816043786264,1
816043786273,1
816043786277,1
816043786268,1
816043786248,1
816043786247,1
816043786262,1
816043786265,1
816043786258,1
816043786242,1
816043786267,1
816043786272,1
816043786280,1
816043786284,1
816043786254,1
816043786270,1
816043786251,1
816043786241,1
816043786255,1
816043786274,1
816043786263,1
816043786276,1
816043786245,1
816043786260,1
816043786281,1
816043786282,1
816043786286,1
816043786278,1
816043786279,1
824633720870,1
824633720855,1
824633720854,1
824633720833,1
824633720862,1
824633720836,1
824633720865,1
824633720847,1
824633720857,1
824633720867,1
824633720837,1
824633720849,1
824633720853,1
824633720863,1
824633720845,1
824633720869,1
824633720859,1
824633720838,1
824633720842,1
824633720839,1
824633720840,1
824633720860,1
824633720844,1
824633720843,1
824633720858,1
824633720866,1
824633720848,1
824633720868,1
824633720841,1
824633720861,1
824633720832,1
824633720851,1
824633720846,1
833223655426,1
833223655434,1
833223655439,1
833223655445,1
833223655431,1
833223655442,1
833223655447,1
833223655446,1
833223655433,1
833223655429,1
833223655428,1
833223655443,1
833223655424,1
833223655444,1
833223655448,1
833223655438,1
833223655449,1
833223655436,1
833223655440,1
841813590041,1
841813590040,1
841813590037,1
841813590033,1
841813590042,1
841813590053,1
841813590018,1
841813590032,1
841813590039,1
841813590034,1
841813590050,1
841813590056,1
841813590020,1
841813590038,1
841813590036,1
841813590054,1
841813590022,1
841813590023,1
841813590030,1
841813590052,1
841813590047,1
841813590026,1
841813590043,1
841813590045,1
841813590027,1
841813590046,1
841813590031,1
841813590029,1
841813590024,1
841813590016,1
841813590035,1
841813590051,1
841813590049,1
850403524612,1
850403524636,1
850403524610,1
850403524627,1
850403524623,1
850403524628,1
850403524611,1
850403524631,1
850403524634,1
850403524609,1
850403524613,1
850403524633,1
850403524614,1
850403524618,1
850403524626,1
850403524608,1
850403524625,1
850403524621,1
850403524620,1
850403524622,1
850403524619,1
850403524630,1
850403524638,1
858993459232,1
858993459213,1
858993459221,1
858993459222,1
858993459210,1
858993459215,1
858993459212,1
858993459231,1
858993459207,1
858993459217,1
858993459209,1
858993459230,1
858993459211,1
858993459228,1
858993459206,1
858993459227,1
858993459225,1
858993459220,1
858993459205,1
858993459203,1
858993459223,1
858993459218,1
858993459233,1
858993459224,1
858993459229,1
858993459235,1
858993459204,1
858993459214,1
858993459226,1
858993459216,1
858993459219,1
858993459202,1
858993459200,1
867583393794,1
867583393825,1
867583393813,1
867583393821,1
867583393805,1
867583393827,1
867583393801,1
867583393816,1
867583393803,1
867583393826,1
867583393811,1
867583393815,1
867583393823,1
867583393819,1
867583393828,1
867583393814,1
867583393822,1
867583393820,1
867583393806,1
867583393802,1
867583393807,1
867583393818,1
867583393804,1
867583393798,1
867583393817,1
867583393824,1
876173328395,1
876173328407,1
876173328409,1
876173328392,1
876173328406,1
876173328396,1
876173328388,1
876173328393,1
876173328394,1
876173328401,1
876173328397,1
876173328399,1
876173328389,1
876173328408,1
876173328398,1
876173328391,1
876173328387,1
876173328402,1
876173328400,1
876173328403,1
876173328386,1
876173328390,1
884763263008,1
884763262979,1
884763263004,1
884763262978,1
884763262995,1
884763262990,1
884763262984,1
884763262987,1
884763262981,1
884763263002,1
884763263009,1
884763263011,1
884763262977,1
884763263006,1
884763263013,1
884763262999,1
884763262983,1
884763263000,1
884763262997,1
884763263010,1
884763263001,1
884763263005,1
884763262986,1
884763262996,1
884763262982,1
884763262976,1
884763262988,1
893353197604,1
893353197598,1
893353197573,1
893353197601,1
893353197582,1
893353197603,1
893353197602,1
893353197572,1
893353197587,1
893353197605,1
893353197568,1
893353197589,1
893353197577,1
893353197593,1
893353197600,1
893353197595,1
893353197590,1
893353197575,1
893353197583,1
893353197571,1
893353197588,1
893353197597,1
893353197585,1
893353197594,1
893353197570,1
893353197576,1
893353197581,1
893353197592,1
893353197599,1
901943132177,1
901943132184,1
901943132190,1
901943132160,1
901943132171,1
901943132169,1
901943132197,1
901943132175,1
901943132194,1
901943132192,1
901943132186,1
901943132181,1
901943132172,1
901943132162,1
901943132173,1
901943132196,1
901943132179,1
901943132187,1
901943132165,1
901943132195,1
901943132166,1
901943132191,1
901943132168,1
901943132183,1
901943132163,1
901943132193,1
901943132170,1
901943132182,1
901943132167,1
901943132188,1
901943132180,1
901943132161,1
910533066778,1
910533066772,1
910533066765,1
910533066762,1
910533066781,1
910533066766,1
910533066770,1
910533066764,1
910533066760,1
910533066769,1
910533066775,1
910533066756,1
910533066761,1
910533066758,1
910533066776,1
910533066771,1
910533066763,1
910533066773,1
910533066759,1
910533066768,1
910533066779,1
910533066777,1
910533066774,1
910533066757,1
910533066754,1
910533066780,1
910533066752,1
910533066753,1
910533066767,1
919123001360,1
919123001344,1
919123001363,1
919123001366,1
919123001353,1
919123001355,1
919123001350,1
919123001368,1
919123001352,1
919123001348,1
919123001365,1
919123001345,1
919123001351,1
919123001367,1
919123001371,1
919123001362,1
919123001356,1
919123001369,1
919123001372,1
919123001358,1
919123001349,1
919123001364,1
919123001370,1
919123001361,1
919123001354,1
927712935936,1
927712935941,1
927712935950,1
927712935952,1
927712935967,1
927712935969,1
927712935975,1
927712935954,1
927712935970,1
927712935978,1
927712935972,1
927712935962,1
927712935980,1
927712935959,1
927712935965,1
927712935963,1
927712935979,1
927712935974,1
927712935938,1
927712935943,1
927712935960,1
927712935942,1
927712935961,1
927712935968,1
927712935948,1
927712935977,1
927712935966,1
927712935976,1
927712935956,1
927712935964,1
927712935937,1
927712935951,1
927712935973,1
927712935953,1
936302870541,1
936302870552,1
936302870532,1
936302870546,1
936302870548,1
936302870555,1
936302870550,1
936302870545,1
936302870547,1
936302870537,1
936302870542,1
936302870528,1
936302870543,1
936302870540,1
936302870549,1
936302870556,1
936302870534,1
936302870553,1
936302870557,1
936302870544,1
936302870558,1
936302870535,1
936302870538,1
936302870551,1
944892805121,1
944892805128,1
944892805133,1
944892805147,1
944892805135,1
944892805125,1
944892805122,1
944892805120,1
944892805131,1
944892805146,1
944892805129,1
944892805123,1
944892805137,1
944892805143,1
944892805126,1
944892805136,1
944892805127,1
944892805140,1
944892805144,1
944892805132,1
944892805124,1
953482739734,1
953482739741,1
953482739739,1
953482739714,1
953482739724,1
953482739744,1
953482739725,1
953482739720,1
953482739716,1
953482739743,1
953482739736,1
953482739717,1
953482739713,1
953482739737,1
953482739733,1
953482739745,1
953482739719,1
953482739731,1
953482739738,1
953482739712,1
953482739742,1
953482739732,1
953482739740,1
953482739726,1
953482739730,1
953482739735,1
953482739721,1
962072674311,1
962072674314,1
962072674318,1
962072674305,1
962072674306,1
962072674340,1
962072674328,1
962072674321,1
962072674327,1
962072674336,1
962072674320,1
962072674315,1
962072674334,1
962072674329,1
962072674324,1
962072674319,1
962072674337,1
962072674338,1
962072674323,1
962072674310,1
962072674326,1
962072674307,1
962072674316,1
962072674325,1
962072674308,1
962072674339,1
962072674313,1
962072674330,1
962072674333,1
962072674317,1
962072674335,1
970662608897,1
970662608922,1
970662608907,1
970662608924,1
970662608896,1
970662608900,1
970662608914,1
970662608920,1
970662608921,1
970662608908,1
970662608923,1
970662608912,1
970662608903,1
970662608901,1
970662608909,1
970662608916,1
970662608898,1
970662608906,1
970662608927,1
970662608917,1
970662608911,1
970662608902,1
970662608918,1
970662608904,1
970662608905,1
970662608926,1
970662608915,1
970662608910,1
979252543489,1
979252543502,1
979252543501,1
979252543520,1
979252543498,1
979252543518,1
979252543507,1
979252543495,1
979252543496,1
979252543513,1
979252543497,1
979252543523,1
979252543514,1
979252543521,1
979252543516,1
979252543500,1
979252543503,1
979252543505,1
979252543494,1
979252543519,1
979252543515,1
979252543524,1
979252543517,1
979252543509,1
979252543493,1
979252543506,1
979252543512,1
979252543511,1
979252543492,1
979252543488,1
979252543510,1
979252543508,1
979252543499,1
979252543504,1
987842478113,1
987842478090,1
987842478083,1
987842478114,1
987842478110,1
987842478105,1
987842478084,1
987842478085,1
987842478111,1
987842478102,1
987842478100,1
987842478096,1
987842478093,1
987842478098,1
987842478094,1
987842478108,1
987842478109,1
987842478091,1
987842478099,1
987842478106,1
987842478104,1
987842478107,1
987842478080,1
987842478082,1
987842478103,1
987842478101,1
987842478095,1
987842478087,1
987842478116,1
987842478115,1
987842478089,1
996432412698,1
996432412692,1
996432412673,1
996432412685,1
996432412697,1
996432412696,1
996432412705,1
996432412678,1
996432412680,1
996432412702,1
996432412690,1
996432412700,1
996432412704,1
996432412681,1
996432412695,1
996432412672,1
996432412693,1
996432412675,1
996432412691,1
996432412687,1
996432412694,1
996432412679,1
996432412703,1
996432412677,1
996432412682,1
996432412688,1
996432412699,1
996432412701,1
1005022347285,1
1005022347287,1
1005022347281,1
1005022347276,1
1005022347268,1
1005022347279,1
1005022347283,1
1005022347294,1
1005022347297,1
1005022347303,1
1005022347300,1
1005022347267,1
1005022347266,1
1005022347288,1
1005022347274,1
1005022347302,1
1005022347298,1
1005022347304,1
1005022347282,1
1005022347290,1
1005022347291,1
1005022347278,1
1005022347277,1
1005022347271,1
1005022347305,1
1005022347293,1
1005022347286,1
1005022347301,1
1005022347284,1
1005022347292,1
1005022347295,1
1005022347296,1
1005022347280,1
1005022347306,1
1013612281857,1
1013612281883,1
1013612281866,1
1013612281860,1
1013612281863,1
1013612281886,1
1013612281861,1
1013612281877,1
1013612281865,1
1013612281875,1
1013612281871,1
1013612281869,1
1013612281864,1
1013612281858,1
1013612281856,1
1013612281887,1
1013612281862,1
1013612281881,1
1013612281879,1
1013612281876,1
1013612281859,1
1013612281880,1
1013612281874,1
1013612281885,1
1013612281867,1
1013612281888,1
1013612281882,1
1013612281884,1
1022202216448,1
1022202216461,1
1022202216471,1
1022202216462,1
1022202216459,1
1022202216451,1
1022202216454,1
1022202216452,1
1022202216479,1
1022202216478,1
1022202216475,1
1022202216472,1
1022202216457,1
1022202216466,1
1022202216473,1
1022202216480,1
1022202216482,1
1022202216486,1
1022202216469,1
1022202216485,1
1022202216484,1
1022202216464,1
1022202216467,1
1022202216476,1
1022202216465,1
1022202216481,1
1022202216468,1
1022202216455,1
1022202216474,1
1022202216477,1
1022202216483,1
1030792151061,1
1030792151054,1
1030792151044,1
1030792151052,1
1030792151046,1
1030792151045,1
1030792151043,1
1030792151064,1
1030792151056,1
1030792151067,1
1030792151047,1
1030792151059,1
1030792151066,1
1030792151055,1
1030792151050,1
1030792151065,1
1030792151060,1
1030792151051,1
1030792151063,1
1030792151053,1
1030792151041,1
1030792151057,1
1030792151048,1
1030792151049,1
1030792151062,1
1039382085640,1
1039382085638,1
1039382085652,1
1039382085639,1
1039382085660,1
1039382085635,1
1039382085653,1
1039382085658,1
1039382085634,1
1039382085641,1
1039382085659,1
1039382085647,1
1039382085637,1
1039382085655,1
1039382085643,1
1039382085633,1
1039382085642,1
1039382085661,1
1039382085648,1
1039382085649,1
1039382085645,1
1039382085651,1
1039382085644,1
1039382085632,1
1047972020260,1
1047972020246,1
1047972020240,1
1047972020256,1
1047972020227,1
1047972020229,1
1047972020252,1
1047972020243,1
1047972020242,1
1047972020257,1
1047972020258,1
1047972020239,1
1047972020238,1
1047972020228,1
1047972020259,1
1047972020237,1
1047972020251,1
1047972020232,1
1047972020244,1
1047972020250,1
1047972020230,1
1047972020236,1
1047972020248,1
1047972020247,1
1047972020226,1
1047972020254,1
1047972020231,1
1047972020233,1
1047972020241,1
1047972020245,1
1047972020253,1
1047972020224,1
1056561954845,1
1056561954833,1
1056561954843,1
1056561954853,1
1056561954824,1
1056561954817,1
1056561954838,1
1056561954829,1
1056561954818,1
1056561954855,1
1056561954835,1
1056561954841,1
1056561954857,1
1056561954850,1
1056561954836,1
1056561954842,1
1056561954831,1
1056561954834,1
1056561954830,1
1056561954861,1
1056561954847,1
1056561954837,1
1056561954846,1
1056561954840,1
1056561954819,1
1056561954854,1
1056561954816,1
1056561954828,1
1056561954848,1
1056561954859,1
1056561954827,1
1056561954844,1
1056561954822,1
1056561954851,1
1056561954860,1
1056561954823,1
1056561954858,1
1056561954852,1
1065151889419,1
1065151889433,1
1065151889411,1
1065151889418,1
1065151889436,1
1065151889410,1
1065151889413,1
1065151889427,1
1065151889435,1
1065151889421,1
1065151889417,1
1065151889428,1
1065151889424,1
1065151889432,1
1065151889422,1
1065151889409,1
1065151889434,1
1065151889426,1
1065151889412,1
1065151889420,1
1065151889431,1
1065151889430,1
1065151889425,1
1065151889437,1
1065151889423,1
1065151889415,1
1065151889429,1
1073741824024,1
1073741824036,1
1073741824010,1
1073741824004,1
1073741824001,1
1073741824044,1
1073741824006,1
1073741824000,1
1073741824028,1
1073741824017,1
1073741824046,1
1073741824027,1
1073741824008,1
1073741824023,1
1073741824033,1
1073741824012,1
1073741824021,1
1073741824005,1
1073741824035,1
1073741824043,1
1073741824032,1
1073741824034,1
1073741824020,1
1073741824019,1
1073741824002,1
1073741824039,1
1073741824007,1
1073741824037,1
1073741824038,1
1073741824041,1
1073741824031,1
1073741824009,1
1073741824014,1
1073741824040,1
1073741824016,1
1073741824022,1
1073741824030,1
1073741824015,1
1073741824013,1
1073741824029,1
1073741824045,1
1073741824018,1
1073741824026,1
1073741824011,1
1082331758595,1
1082331758605,1
1082331758603,1
1082331758599,1
1082331758610,1
1082331758602,1
1082331758613,1
1082331758609,1
1082331758620,1
1082331758618,1
1082331758616,1
1082331758598,1
1082331758592,1
1082331758593,1
1082331758611,1
1082331758617,1
1082331758596,1
1082331758606,1
1082331758601,1
1082331758600,1
1082331758607,1
1082331758615,1
1082331758604,1
1082331758614,1
1090921693219,1
1090921693191,1
1090921693187,1
1090921693198,1
1090921693205,1
1090921693212,1
1090921693203,1
1090921693192,1
1090921693224,1
1090921693213,1
1090921693194,1
1090921693211,1
1090921693221,1
1090921693188,1
1090921693217,1
1090921693208,1
1090921693223,1
1090921693222,1
1090921693209,1
1090921693215,1
1090921693196,1
1090921693207,1
1090921693210,1
1090921693201,1
1090921693214,1
1090921693202,1
1090921693189,1
1090921693216,1
1090921693206,1
1090921693195,1
1090921693190,1
1099511627785,1
1099511627811,1
1099511627789,1
1099511627777,1
1099511627797,1
1099511627787,1
1099511627808,1
1099511627815,1
1099511627783,1
1099511627788,1
1099511627786,1
1099511627803,1
1099511627778,1
1099511627804,1
1099511627779,1
1099511627809,1
1099511627807,1
1099511627791,1
1099511627812,1
1099511627782,1
1099511627802,1
1099511627810,1
1099511627776,1
1099511627813,1
1099511627800,1
1099511627805,1
1099511627806,1
1099511627801,1
1099511627793,1
1099511627792,1
1099511627799,1
1099511627798,1
1108101562371,1
1108101562394,1
1108101562380,1
1108101562384,1
1108101562391,1
1108101562398,1
1108101562382,1
1108101562397,1
1108101562375,1
1108101562385,1
1108101562368,1
1108101562396,1
1108101562393,1
1108101562383,1
1108101562390,1
1108101562381,1
1108101562386,1
1108101562379,1
1108101562389,1
1108101562387,1
1108101562373,1
1108101562395,1
1108101562377,1
1116691496982,1
1116691496962,1
1116691496967,1
1116691496972,1
1116691496986,1
1116691496969,1
1116691496980,1
1116691496964,1
1116691496973,1
1116691496975,1
1116691496960,1
1116691496985,1
1116691496981,1
1116691496990,1
1116691496979,1
1116691496968,1
1116691496966,1
1116691496963,1
1116691496978,1
1116691496971,1
1116691496965,1
1116691496984,1
1116691496977,1
1116691496992,1
1116691496983,1
1116691496987,1
1116691496989,1
1116691496991,1
1125281431585,1
1125281431570,1
1125281431582,1
1125281431554,1
1125281431587,1
1125281431589,1
1125281431580,1
1125281431567,1
1125281431568,1
1125281431574,1
1125281431578,1
1125281431560,1
1125281431577,1
1125281431555,1
1125281431586,1
1125281431572,1
1125281431588,1
1125281431557,1
1125281431584,1
1125281431553,1
1125281431566,1
1125281431583,1
1125281431581,1
1125281431563,1
1125281431576,1
1125281431556,1
1125281431559,1
1125281431562,1
1125281431575,1
1133871366151,1
1133871366169,1
1133871366157,1
1133871366181,1
1133871366154,1
1133871366179,1
1133871366146,1
1133871366173,1
1133871366178,1
1133871366160,1
1133871366147,1
1133871366185,1
1133871366170,1
1133871366172,1
1133871366177,1
1133871366180,1
1133871366152,1
1133871366156,1
1133871366164,1
1133871366186,1
1133871366184,1
1133871366149,1
1133871366150,1
1133871366168,1
1133871366163,1
1133871366153,1
1133871366155,1
1133871366148,1
1133871366182,1
1133871366162,1
1133871366159,1
1133871366144,1
1133871366145,1
1133871366161,1
1133871366183,1
1133871366166,1
1133871366176,1
1133871366167,1
1142461300771,1
1142461300766,1
1142461300770,1
1142461300739,1
1142461300758,1
1142461300740,1
1142461300745,1
1142461300778,1
1142461300741,1
1142461300744,1
1142461300738,1
1142461300743,1
1142461300776,1
1142461300763,1
1142461300742,1
1142461300753,1
1142461300767,1
1142461300773,1
1142461300760,1
1142461300736,1
1142461300762,1
1142461300750,1
1142461300759,1
1142461300756,1
1142461300749,1
1142461300751,1
1142461300748,1
1142461300768,1
1142461300774,1
1142461300765,1
1142461300777,1
1142461300757,1
1142461300752,1
1151051235349,1
1151051235359,1
1151051235333,1
1151051235353,1
1151051235360,1
1151051235358,1
1151051235361,1
1151051235350,1
1151051235334,1
1151051235345,1
1151051235337,1
1151051235336,1
1151051235362,1
1151051235352,1
1151051235356,1
1151051235331,1
1151051235357,1
1151051235329,1
1151051235348,1
1151051235351,1
1151051235339,1
1151051235347,1
1151051235354,1
1151051235332,1
1151051235343,1
1151051235355,1
1151051235330,1
1151051235328,1
1151051235340,1
1151051235342,1
1159641169954,1
1159641169944,1
1159641169961,1
1159641169955,1
1159641169934,1
1159641169925,1
1159641169942,1
1159641169935,1
1159641169949,1
1159641169932,1
1159641169962,1
1159641169928,1
1159641169921,1
1159641169950,1
1159641169956,1
1159641169933,1
1159641169939,1
1159641169945,1
1159641169947,1
1159641169922,1
1159641169923,1
1159641169929,1
1159641169943,1
1159641169938,1
1159641169924,1
1159641169926,1
1159641169960,1
1159641169957,1
1159641169948,1
1159641169940,1
1159641169953,1
1159641169958,1
1159641169937,1
1159641169931,1
1159641169946,1
1159641169964,1
1159641169959,1
1168231104531,1
1168231104538,1
1168231104514,1
1168231104535,1
1168231104525,1
1168231104515,1
1168231104526,1
1168231104527,1
1168231104520,1
1168231104521,1
1168231104522,1
1168231104536,1
1168231104518,1
1168231104517,1
1168231104529,1
1168231104523,1
1168231104528,1
1168231104533,1
1168231104534,1
1168231104519,1
1168231104524,1
1168231104530,1
1168231104513,1
1176821039126,1
1176821039105,1
1176821039132,1
1176821039104,1
1176821039135,1
1176821039136,1
1176821039110,1
1176821039130,1
1176821039129,1
1176821039113,1
1176821039125,1
1176821039111,1
1176821039115,1
1176821039123,1
1176821039118,1
1176821039127,1
1176821039134,1
1176821039107,1
1176821039122,1
1176821039108,1
1176821039109,1
1176821039128,1
1176821039106,1
1176821039119,1
1176821039112,1
1176821039133,1
1176821039124,1
1176821039131,1
1185410973727,1
1185410973726,1
1185410973711,1
1185410973734,1
1185410973728,1
1185410973738,1
1185410973696,1
1185410973708,1
1185410973725,1
1185410973735,1
1185410973732,1
1185410973698,1
1185410973697,1
1185410973713,1
1185410973716,1
1185410973737,1
1185410973720,1
1185410973717,1
1185410973714,1
1185410973731,1
1185410973739,1
1185410973712,1
1185410973723,1
1185410973707,1
1185410973740,1
1185410973700,1
1185410973701,1
1185410973709,1
1185410973724,1
1185410973703,1
1185410973721,1
1185410973719,1
1185410973715,1
1185410973729,1
1185410973699,1
1185410973705,1
1185410973704,1
1194000908320,1
1194000908293,1
1194000908290,1
1194000908288,1
1194000908301,1
1194000908296,1
1194000908292,1
1194000908291,1
1194000908307,1
1194000908305,1
1194000908313,1
1194000908319,1
1194000908300,1
1194000908295,1
1194000908316,1
1194000908308,1
1194000908302,1
1194000908298,1
1194000908312,1
1194000908299,1
1194000908315,1
1194000908323,1
1194000908311,1
1194000908314,1
1194000908321,1
1194000908294,1
1194000908303,1
1194000908289,1
1194000908322,1
1194000908318,1
1202590842895,1
1202590842885,1
1202590842887,1
1202590842893,1
1202590842884,1
1202590842905,1
1202590842903,1
1202590842896,1
1202590842901,1
1202590842881,1
1202590842888,1
1202590842894,1
1202590842890,1
1202590842898,1
1202590842900,1
1202590842886,1
1202590842904,1
1202590842902,1
1202590842897,1
1202590842880,1
1202590842889,1
1202590842891,1
1202590842899,1
1211180777472,1
1211180777496,1
1211180777494,1
1211180777476,1
1211180777490,1
1211180777485,1
1211180777499,1
1211180777483,1
1211180777492,1
1211180777474,1
1211180777475,1
1211180777501,1
1211180777480,1
1211180777503,1
1211180777478,1
1211180777493,1
1211180777502,1
1211180777484,1
1211180777481,1
1211180777479,1
1211180777500,1
1219770712073,1
1219770712087,1
1219770712079,1
1219770712098,1
1219770712090,1
1219770712100,1
1219770712068,1
1219770712075,1
1219770712102,1
1219770712080,1
1219770712083,1
1219770712077,1
1219770712067,1
1219770712101,1
1219770712088,1
1219770712076,1
1219770712085,1
1219770712094,1
1219770712084,1
1219770712078,1
1219770712081,1
1219770712072,1
1219770712066,1
1219770712074,1
1219770712103,1
1219770712069,1
1219770712091,1
1219770712096,1
1219770712095,1
1219770712065,1
1219770712082,1
1219770712086,1
1219770712092,1
1219770712093,1
1219770712099,1
1219770712104,1
1219770712070,1
1228360646667,1
1228360646677,1
1228360646678,1
1228360646682,1
1228360646680,1
1228360646681,1
1228360646684,1
1228360646661,1
1228360646663,1
1228360646672,1
1228360646660,1
1228360646669,1
1228360646675,1
1228360646670,1
1228360646686,1
1228360646657,1
1228360646664,1
1228360646666,1
1228360646668,1
1228360646685,1
1228360646674,1
1228360646676,1
1228360646665,1
1228360646656,1
1228360646671,1
1236950581252,1
1236950581279,1
1236950581260,1
1236950581280,1
1236950581265,1
1236950581270,1
1236950581281,1
1236950581282,1
1236950581267,1
1236950581266,1
1236950581284,1
1236950581255,1
1236950581277,1
1236950581259,1
1236950581250,1
1236950581258,1
1236950581283,1
1236950581257,1
1236950581272,1
1236950581276,1
1236950581253,1
1236950581251,1
1236950581274,1
1236950581275,1
1236950581249,1
1236950581262,1
1236950581268,1
1236950581269,1
1236950581254,1
1236950581263,1
1236950581273,1
1236950581264,1
1236950581278,1
1236950581271,1
1236950581261,1
1236950581285,1
1245540515846,1
1245540515840,1
1245540515843,1
1245540515860,1
1245540515867,1
1245540515845,1
1245540515864,1
1245540515852,1
1245540515848,1
1245540515859,1
1245540515877,1
1245540515847,1
1245540515854,1
1245540515862,1
1245540515856,1
1245540515876,1
1245540515849,1
1245540515858,1
1245540515851,1
1245540515866,1
1245540515872,1
1245540515869,1
1245540515850,1
1245540515873,1
1245540515855,1
1245540515865,1
1245540515870,1
1245540515871,1
1245540515874,1
1245540515875,1
1245540515863,1
1254130450458,1
1254130450456,1
1254130450435,1
1254130450432,1
1254130450434,1
1254130450453,1
1254130450437,1
1254130450461,1
1254130450443,1
1254130450448,1
1254130450459,1
1254130450436,1
1254130450460,1
1254130450447,1
1254130450454,1
1254130450444,1
1254130450445,1
1254130450452,1
1254130450439,1
1254130450441,1
1254130450446,1
1254130450433,1
1254130450450,1
1254130450457,1
1254130450442,1
1254130450462,1
1262720385053,1
1262720385049,1
1262720385057,1
1262720385051,1
1262720385029,1
1262720385046,1
1262720385041,1
1262720385027,1
1262720385030,1
1262720385050,1
1262720385055,1
1262720385025,1
1262720385045,1
1262720385024,1
1262720385031,1
1262720385056,1
1262720385042,1
1262720385035,1
1262720385034,1
1262720385028,1
1262720385044,1
1262720385026,1
1262720385043,1
1262720385039,1
1262720385052,1
1262720385038,1
1262720385037,1
1262720385054,1
1262720385040,1
1262720385048,1
1262720385047,1
1262720385033,1
1262720385032,1
1271310319646,1
1271310319637,1
1271310319622,1
1271310319623,1
1271310319627,1
1271310319626,1
1271310319643,1
1271310319632,1
1271310319641,1
1271310319642,1
1271310319624,1
1271310319633,1
1271310319636,1
1271310319620,1
1271310319629,1
1271310319628,1
1271310319631,1
1271310319639,1
1271310319640,1
1271310319616,1
1271310319638,1
1271310319630,1
1271310319634,1
1271310319644,1
1271310319618,1
1271310319635,1
1279900254248,1
1279900254224,1
1279900254228,1
1279900254210,1
1279900254209,1
1279900254235,1
1279900254247,1
1279900254250,1
1279900254225,1
1279900254220,1
1279900254249,1
1279900254239,1
1279900254219,1
1279900254253,1
1279900254218,1
1279900254236,1
1279900254238,1
1279900254246,1
1279900254215,1
1279900254240,1
1279900254254,1
1279900254211,1
1279900254212,1
1279900254243,1
1279900254221,1
1279900254233,1
1279900254216,1
1279900254229,1
1279900254234,1
1279900254223,1
1279900254217,1
1279900254231,1
1279900254230,1
1279900254232,1
1279900254227,1
1279900254252,1
1279900254241,1
1279900254242,1
1279900254244,1
1279900254237,1
1288490188849,1
1288490188835,1
1288490188846,1
1288490188809,1
1288490188843,1
1288490188844,1
1288490188842,1
1288490188806,1
1288490188834,1
1288490188827,1
1288490188818,1
1288490188840,1
1288490188814,1
1288490188807,1
1288490188800,1
1288490188838,1
1288490188813,1
1288490188847,1
1288490188831,1
1288490188812,1
1288490188837,1
1288490188810,1
1288490188845,1
1288490188836,1
1288490188829,1
1288490188820,1
1288490188817,1
1288490188832,1
1288490188804,1
1288490188826,1
1288490188805,1
1288490188828,1
1288490188816,1
1288490188825,1
1288490188823,1
1288490188819,1
1288490188808,1
1288490188830,1
1288490188824,1
1288490188815,1
1288490188822,1
1288490188803,1
1288490188839,1
1288490188848,1
1288490188802,1
1297080123413,1
1297080123414,1
1297080123411,1
1297080123421,1
1297080123420,1
1297080123416,1
1297080123404,1
1297080123396,1
1297080123417,1
1297080123405,1
1297080123399,1
1297080123406,1
1297080123408,1
1297080123422,1
1297080123401,1
1297080123418,1
1297080123400,1
1297080123407,1
1297080123393,1
1297080123410,1
1297080123415,1
1297080123419,1
1297080123412,1
1297080123409,1
1297080123394,1
1305670058007,1
1305670057992,1
1305670057989,1
1305670057995,1
1305670057988,1
1305670057991,1
1305670057996,1
1305670058008,1
1305670058005,1
1305670058011,1
1305670058001,1
1305670058004,1
1305670058006,1
1305670058002,1
1305670057990,1
1305670057997,1
1305670058010,1
1305670057994,1
1305670057998,1
1314259992577,1
1314259992598,1
1314259992594,1
1314259992601,1
1314259992591,1
1314259992583,1
1314259992584,1
1314259992596,1
1314259992607,1
1314259992608,1
1314259992589,1
1314259992605,1
1314259992588,1
1314259992585,1
1314259992578,1
1314259992603,1
1314259992579,1
1314259992590,1
1314259992604,1
1314259992602,1
1314259992595,1
1314259992600,1
1314259992580,1
1322849927184,1
1322849927193,1
1322849927196,1
1322849927176,1
1322849927191,1
1322849927172,1
1322849927170,1
1322849927186,1
1322849927179,1
1322849927197,1
1322849927194,1
1322849927180,1
1322849927169,1
1322849927185,1
1322849927192,1
1322849927187,1
1322849927174,1
1322849927171,1
1322849927190,1
1322849927188,1
1322849927175,1
1322849927177,1
1322849927182,1
1322849927189,1
1322849927173,1
1331439861766,1
1331439861782,1
1331439861788,1
1331439861778,1
1331439861779,1
1331439861791,1
1331439861786,1
1331439861767,1
1331439861763,1
1331439861762,1
1331439861769,1
1331439861794,1
1331439861765,1
1331439861789,1
1331439861774,1
1331439861770,1
1331439861768,1
1331439861787,1
1331439861775,1
1331439861772,1
1331439861792,1
1331439861795,1
1331439861764,1
1331439861776,1
1331439861761,1
1331439861784,1
1331439861780,1
1331439861773,1
1331439861793,1
1331439861790,1
1331439861771,1
1331439861785,1
1340029796354,1
1340029796359,1
1340029796376,1
1340029796370,1
1340029796367,1
1340029796381,1
1340029796360,1
1340029796383,1
1340029796377,1
1340029796380,1
1340029796365,1
1340029796369,1
1340029796368,1
1340029796375,1
1340029796366,1
1340029796353,1
1340029796362,1
1340029796357,1
1340029796387,1
1340029796361,1
1340029796384,1
1340029796371,1
1340029796388,1
1340029796352,1
1340029796372,1
1340029796355,1
1340029796374,1
1340029796379,1
1340029796385,1
1340029796364,1
1348619730949,1
1348619730946,1
1348619730966,1
1348619730967,1
1348619730979,1
1348619730978,1
1348619730962,1
1348619730965,1
1348619730973,1
1348619730947,1
1348619730971,1
1348619730961,1
1348619730948,1
1348619730970,1
1348619730972,1
1348619730951,1
1348619730950,1
1348619730959,1
1348619730960,1
1348619730964,1
1348619730944,1
1348619730945,1
1348619730963,1
1348619730957,1
1348619730955,1
1348619730976,1
1348619730975,1
1348619730954,1
1348619730977,1
1357209665545,1
1357209665541,1
1357209665548,1
1357209665554,1
1357209665553,1
1357209665560,1
1357209665547,1
1357209665546,1
1357209665544,1
1357209665550,1
1357209665559,1
1357209665549,1
1357209665564,1
1357209665557,1
1357209665543,1
1357209665539,1
1357209665555,1
1357209665556,1
1357209665565,1
1357209665563,1
1357209665551,1
1357209665537,1
1357209665542,1
1357209665562,1
1357209665558,1
1357209665540,1
1365799600145,1
1365799600133,1
1365799600144,1
1365799600130,1
1365799600142,1
1365799600148,1
1365799600146,1
1365799600151,1
1365799600137,1
1365799600132,1
1365799600138,1
1365799600150,1
1365799600128,1
1365799600141,1
1365799600140,1
1365799600143,1
1365799600149,1
1365799600139,1
1374389534736,1
1374389534738,1
1374389534742,1
1374389534757,1
1374389534737,1
1374389534735,1
1374389534755,1
1374389534751,1
1374389534721,1
1374389534750,1
1374389534720,1
1374389534745,1
1374389534748,1
1374389534753,1
1374389534724,1
1374389534749,1
1374389534730,1
1374389534744,1
1374389534741,1
1374389534727,1
1374389534756,1
1374389534760,1
1374389534743,1
1374389534733,1
1374389534747,1
1374389534754,1
1374389534726,1
1374389534723,1
1374389534759,1
1374389534752,1
1374389534725,1
1374389534739,1
1382979469334,1
1382979469321,1
1382979469318,1
1382979469322,1
1382979469342,1
1382979469312,1
1382979469331,1
1382979469330,1
1382979469326,1
1382979469313,1
1382979469333,1
1382979469339,1
1382979469332,1
1382979469314,1
1382979469328,1
1382979469317,1
1382979469338,1
1382979469343,1
1382979469337,1
1382979469323,1
1382979469320,1
1382979469324,1
1382979469329,1
1382979469340,1
1382979469319,1
1382979469344,1
1382979469341,1
1382979469315,1
1391569403913,1
1391569403908,1
1391569403934,1
1391569403937,1
1391569403931,1
1391569403907,1
1391569403912,1
1391569403930,1
1391569403940,1
1391569403933,1
1391569403911,1
1391569403932,1
1391569403916,1
1391569403914,1
1391569403917,1
1391569403904,1
1391569403910,1
1391569403941,1
1391569403939,1
1391569403938,1
1391569403942,1
1391569403926,1
1391569403909,1
1391569403905,1
1391569403920,1
1391569403928,1
1391569403915,1
1400159338523,1
1400159338518,1
1400159338524,1
1400159338515,1
1400159338504,1
1400159338516,1
1400159338512,1
1400159338508,1
1400159338517,1
1400159338526,1
1400159338505,1
1400159338509,1
1400159338519,1
1400159338500,1
1400159338501,1
1400159338514,1
1400159338529,1
1400159338503,1
1400159338520,1
1400159338496,1
1400159338507,1
1400159338527,1
1400159338498,1
1400159338528,1
1400159338530,1
1400159338521,1
1400159338502,1
1400159338531,1
1400159338513,1
1400159338522,1
1408749273111,1
1408749273115,1
1408749273113,1
1408749273120,1
1408749273096,1
1408749273101,1
1408749273106,1
1408749273094,1
1408749273090,1
1408749273114,1
1408749273097,1
1408749273112,1
1408749273095,1
1408749273100,1
1408749273117,1
1408749273121,1
1408749273088,1
1408749273098,1
1408749273099,1
1408749273103,1
1408749273104,1
1408749273105,1
1408749273110,1
1408749273116,1
1408749273091,1
1408749273089,1
1408749273119,1
1408749273093,1
1408749273118,1
1408749273107,1
1408749273108,1
1417339207711,1
1417339207693,1
1417339207685,1
1417339207704,1
1417339207707,1
1417339207713,1
1417339207683,1
1417339207692,1
1417339207690,1
1417339207708,1
1417339207714,1
1417339207705,1
1417339207715,1
1417339207701,1
1417339207687,1
1417339207691,1
1417339207712,1
1417339207700,1
1417339207689,1
1417339207702,1
1417339207697,1
1417339207681,1
1417339207696,1
1417339207688,1
1417339207709,1
1417339207699,1
1417339207710,1
1417339207695,1
1417339207698,1
1417339207682,1
1417339207694,1
1425929142293,1
1425929142298,1
1425929142280,1
1425929142278,1
1425929142277,1
1425929142285,1
1425929142279,1
1425929142273,1
1425929142282,1
1425929142275,1
1425929142290,1
1425929142302,1
1425929142274,1
1425929142272,1
1425929142299,1
1425929142296,1
1425929142284,1
1425929142294,1
1425929142295,1
1425929142287,1
1425929142300,1
1425929142292,1
1425929142303,1
1425929142301,1
1425929142289,1
1425929142286,1
1425929142283,1
1425929142276,1
1425929142304,1
1425929142291,1
1425929142288,1
1434519076870,1
1434519076872,1
1434519076875,1
1434519076869,1
1434519076878,1
1434519076873,1
1434519076889,1
1434519076885,1
1434519076887,1
1434519076866,1
1434519076865,1
1434519076868,1
1434519076881,1
1434519076867,1
1434519076891,1
1434519076890,1
1434519076880,1
1434519076871,1
1434519076882,1
1434519076883,1
1434519076877,1
1434519076894,1
1434519076888,1
1434519076884,1
1434519076892,1
1443109011464,1
1443109011461,1
1443109011462,1
1443109011490,1
1443109011459,1
1443109011491,1
1443109011456,1
1443109011466,1
1443109011482,1
1443109011495,1
1443109011472,1
1443109011483,1
1443109011496,1
1443109011477,1
1443109011481,1
1443109011468,1
1443109011473,1
1443109011458,1
1443109011479,1
1443109011476,1
1443109011484,1
1443109011475,1
1443109011492,1
1443109011470,1
1443109011485,1
1443109011487,1
1443109011480,1
1443109011465,1
1443109011474,1
1443109011478,1
1443109011486,1
1443109011494,1
1443109011471,1
1443109011497,1
1443109011500,1
1443109011498,1
1443109011460,1
1451698946054,1
1451698946048,1
1451698946061,1
1451698946050,1
1451698946076,1
1451698946066,1
1451698946052,1
1451698946075,1
1451698946062,1
1451698946079,1
1451698946072,1
1451698946065,1
1451698946063,1
1451698946077,1
1451698946057,1
1451698946064,1
1451698946081,1
1451698946060,1
1451698946055,1
1451698946074,1
1451698946080,1
1451698946067,1
1451698946070,1
1451698946078,1
1451698946071,1
1451698946053,1
1451698946051,1
1451698946059,1
1460288880647,1
1460288880675,1
1460288880656,1
1460288880654,1
1460288880659,1
1460288880643,1
1460288880672,1
1460288880664,1
1460288880671,1
1460288880653,1
1460288880646,1
1460288880679,1
1460288880677,1
1460288880667,1
1460288880657,1
1460288880651,1
1460288880681,1
1460288880682,1
1460288880673,1
1460288880669,1
1460288880655,1
1460288880680,1
1460288880661,1
1460288880668,1
1460288880660,1
1460288880641,1
1460288880678,1
1460288880676,1
1460288880652,1
1460288880674,1
1468878815251,1
1468878815256,1
1468878815253,1
1468878815234,1
1468878815246,1
1468878815237,1
1468878815260,1
1468878815243,1
1468878815245,1
1468878815235,1
1468878815250,1
1468878815263,1
1468878815261,1
1468878815242,1
1468878815254,1
1468878815257,1
1468878815236,1
1468878815238,1
1468878815239,1
1468878815264,1
1468878815258,1
1468878815265,1
1468878815248,1
1468878815252,1
1468878815247,1
1468878815259,1
1468878815232,1
1477468749851,1
1477468749859,1
1477468749849,1
1477468749845,1
1477468749852,1
1477468749836,1
1477468749824,1
1477468749847,1
1477468749825,1
1477468749841,1
1477468749842,1
1477468749829,1
1477468749830,1
1477468749856,1
1477468749861,1
1477468749834,1
1477468749832,1
1477468749846,1
1477468749855,1
1477468749863,1
1477468749854,1
1477468749833,1
1477468749839,1
1477468749831,1
1477468749843,1
1477468749853,1
1477468749840,1
1477468749860,1
1477468749827,1
1477468749850,1
1486058684438,1
1486058684423,1
1486058684452,1
1486058684425,1
1486058684434,1
1486058684426,1
1486058684418,1
1486058684450,1
1486058684422,1
1486058684429,1
1486058684419,1
1486058684448,1
1486058684451,1
1486058684416,1
1486058684441,1
1486058684433,1
1486058684420,1
1486058684427,1
1486058684453,1
1486058684439,1
1486058684421,1
1486058684447,1
1486058684444,1
1486058684443,1
1486058684449,1
1486058684435,1
1486058684431,1
1486058684442,1
1486058684430,1
1486058684436,1
1486058684432,1
1486058684445,1
1486058684440,1
1486058684437,1
1486058684446,1
1494648619038,1
1494648619017,1
1494648619033,1
1494648619023,1
1494648619010,1
1494648619016,1
1494648619019,1
1494648619030,1
1494648619014,1
1494648619024,1
1494648619011,1
1494648619008,1
1494648619013,1
1494648619035,1
1494648619012,1
1494648619041,1
1494648619015,1
1494648619040,1
1494648619028,1
1494648619034,1
1494648619042,1
1494648619029,1
1494648619009,1
1494648619018,1
1494648619032,1
1494648619027,1
1494648619026,1
1503238553614,1
1503238553631,1
1503238553610,1
1503238553627,1
1503238553632,1
1503238553601,1
1503238553616,1
1503238553615,1
1503238553619,1
1503238553603,1
1503238553638,1
1503238553621,1
1503238553634,1
1503238553636,1
1503238553629,1
1503238553641,1
1503238553600,1
1503238553612,1
1503238553626,1
1503238553623,1
1503238553605,1
1503238553637,1
1503238553628,1
1503238553607,1
1503238553608,1
1503238553606,1
1503238553630,1
1503238553622,1
1503238553625,1
1503238553617,1
1503238553618,1
1503238553624,1
1503238553642,1
1503238553633,1
1503238553639,1
1503238553604,1
1503238553620,1
1511828488195,1
1511828488192,1
1511828488218,1
1511828488211,1
1511828488201,1
1511828488204,1
1511828488208,1
1511828488217,1
1511828488203,1
1511828488193,1
1511828488209,1
1511828488215,1
1511828488200,1
1511828488205,1
1511828488196,1
1511828488219,1
1511828488212,1
1511828488207,1
1511828488210,1
1511828488206,1
1511828488198,1
1511828488197,1
1511828488202,1
1511828488213,1
1511828488216,1
1511828488194,1
1520418422801,1
1520418422808,1
1520418422810,1
1520418422792,1
1520418422793,1
1520418422785,1
1520418422807,1
1520418422789,1
1520418422798,1
1520418422794,1
1520418422800,1
1520418422803,1
1520418422806,1
1520418422809,1
1520418422795,1
1520418422784,1
1520418422802,1
1520418422811,1
1520418422787,1
1520418422805,1
1520418422790,1
1520418422797,1
1520418422804,1
1529008357395,1
1529008357392,1
1529008357389,1
1529008357386,1
1529008357408,1
1529008357385,1
1529008357380,1
1529008357398,1
1529008357388,1
1529008357409,1
1529008357378,1
1529008357403,1
1529008357391,1
1529008357406,1
1529008357376,1
1529008357381,1
1529008357382,1
1529008357397,1
1529008357396,1
1529008357412,1
1529008357407,1
1529008357411,1
1529008357410,1
1529008357402,1
1529008357393,1
1529008357390,1
1529008357404,1
1529008357383,1
1529008357394,1
1529008357401,1
1529008357400,1
1529008357387,1
1529008357399,1
1537598291970,1
1537598291991,1
1537598291988,1
1537598291999,1
1537598291974,1
1537598291977,1
1537598291986,1
1537598291981,1
1537598291975,1
1537598291976,1
1537598291990,1
1537598291968,1
1537598291980,1
1537598291989,1
1537598291972,1
1537598291984,1
1537598291993,1
1537598291978,1
1537598291987,1
1537598291992,1
1537598291997,1
1546188226590,1
1546188226566,1
1546188226587,1
1546188226588,1
1546188226567,1
1546188226568,1
1546188226574,1
1546188226577,1
1546188226579,1
1546188226576,1
1546188226581,1
1546188226575,1
1546188226580,1
1546188226589,1
1546188226572,1
1546188226565,1
1546188226561,1
1546188226585,1
1546188226562,1
1546188226584,1
1546188226578,1
1546188226582,1
1546188226571,1
1546188226563,1
1546188226570,1
1554778161163,1
1554778161183,1
1554778161153,1
1554778161179,1
1554778161177,1
1554778161160,1
1554778161181,1
1554778161169,1
1554778161165,1
1554778161182,1
1554778161152,1
1554778161174,1
1554778161180,1
1554778161158,1
1554778161155,1
1554778161166,1
1554778161173,1
1554778161167,1
1554778161170,1
1554778161161,1
1554778161175,1
1554778161157,1
1554778161184,1
1554778161154,1
1554778161176,1
1554778161162,1
1554778161156,1
1554778161164,1
1554778161178,1
1563368095745,1
1563368095744,1
1563368095781,1
1563368095778,1
1563368095777,1
1563368095779,1
1563368095760,1
1563368095776,1
1563368095768,1
1563368095756,1
1563368095755,1
1563368095758,1
1563368095780,1
1563368095770,1
1563368095753,1
1563368095761,1
1563368095775,1
1563368095750,1
1563368095762,1
1563368095749,1
1563368095751,1
1563368095774,1
1563368095763,1
1563368095782,1
1563368095772,1
1563368095771,1
1563368095754,1
1563368095757,1
1563368095765,1
1563368095747,1
1563368095746,1
1563368095748,1
1571958030344,1
1571958030340,1
1571958030345,1
1571958030352,1
1571958030360,1
1571958030341,1
1571958030343,1
1571958030357,1
1571958030348,1
1571958030354,1
1571958030350,1
1571958030368,1
1571958030364,1
1571958030353,1
1571958030366,1
1571958030358,1
1571958030349,1
1571958030356,1
1571958030361,1
1571958030351,1
1571958030363,1
1571958030362,1
1571958030367,1
1571958030336,1
1571958030338,1
1571958030365,1
1571958030355,1
1571958030359,1
1580547964928,1
1580547964953,1
1580547964944,1
1580547964955,1
1580547964952,1
1580547964935,1
1580547964949,1
1580547964954,1
1580547964962,1
1580547964961,1
1580547964951,1
1580547964939,1
1580547964957,1
1580547964930,1
1580547964937,1
1580547964941,1
1580547964948,1
1580547964950,1
1580547964932,1
1580547964929,1
1580547964956,1
1580547964934,1
1580547964938,1
1580547964942,1
1580547964943,1
1580547964933,1
1580547964958,1
1580547964960,1
1580547964931,1
1580547964945,1
1580547964936,1
1580547964959,1
1580547964947,1
1589137899543,1
1589137899540,1
1589137899542,1
1589137899539,1
1589137899546,1
1589137899556,1
1589137899528,1
1589137899548,1
1589137899531,1
1589137899521,1
1589137899526,1
1589137899525,1
1589137899553,1
1589137899538,1
1589137899534,1
1589137899522,1
1589137899535,1
1589137899529,1
1589137899554,1
1589137899551,1
1589137899537,1
1589137899544,1
1589137899532,1
1589137899545,1
1589137899547,1
1589137899552,1
1589137899550,1
1589137899533,1
1589137899549,1
1589137899524,1
1597727834144,1
1597727834132,1
1597727834125,1
1597727834120,1
1597727834146,1
1597727834134,1
1597727834119,1
1597727834122,1
1597727834133,1
1597727834118,1
1597727834113,1
1597727834138,1
1597727834129,1
1597727834141,1
1597727834143,1
1597727834117,1
1597727834126,1
1597727834123,1
1597727834121,1
1597727834136,1
1597727834127,1
1597727834135,1
1597727834139,1
1597727834131,1
1597727834145,1
1597727834140,1
1597727834116,1
1597727834137,1
1597727834142,1
1597727834128,1
1597727834112,1
1597727834130,1
1606317768714,1
1606317768717,1
1606317768727,1
1606317768722,1
1606317768729,1
1606317768705,1
1606317768726,1
1606317768707,1
1606317768715,1
1606317768732,1
1606317768709,1
1606317768718,1
1606317768719,1
1606317768713,1
1606317768706,1
1606317768704,1
1606317768730,1
1606317768716,1
1606317768728,1
1606317768731,1
1606317768710,1
1606317768720,1
1606317768723,1
1606317768733,1
1606317768711,1
1614907703302,1
1614907703318,1
1614907703313,1
1614907703304,1
1614907703323,1
1614907703311,1
1614907703296,1
1614907703298,1
1614907703325,1
1614907703317,1
1614907703321,1
1614907703320,1
1614907703326,1
1614907703315,1
1614907703310,1
1614907703305,1
1614907703297,1
1614907703324,1
1614907703308,1
1614907703309,1
1614907703316,1
1614907703307,1
1614907703314,1
1614907703303,1
1614907703299,1
1614907703301,1
1614907703312,1
1623497637926,1
1623497637893,1
1623497637902,1
1623497637905,1
1623497637895,1
1623497637916,1
1623497637899,1
1623497637912,1
1623497637913,1
1623497637904,1
1623497637920,1
1623497637907,1
1623497637921,1
1623497637897,1
1623497637888,1
1623497637917,1
1623497637910,1
1623497637915,1
1623497637900,1
1623497637914,1
1623497637901,1
1623497637924,1
1623497637903,1
1623497637922,1
1623497637894,1
1623497637923,1
1623497637925,1
1623497637919,1
1623497637908,1
1623497637918,1
1623497637927,1
1623497637891,1
1623497637898,1
1623497637911,1
1632087572503,1
1632087572484,1
1632087572485,1
1632087572488,1
1632087572500,1
1632087572512,1
1632087572486,1
1632087572509,1
1632087572498,1
1632087572497,1
1632087572492,1
1632087572514,1
1632087572495,1
1632087572513,1
1632087572511,1
1632087572508,1
1632087572496,1
1632087572502,1
1632087572506,1
1632087572482,1
1632087572504,1
1632087572501,1
1632087572505,1
1632087572499,1
1632087572494,1
1632087572491,1
1632087572489,1
1640677507072,1
1640677507080,1
1640677507087,1
1640677507089,1
1640677507073,1
1640677507078,1
1640677507074,1
1640677507091,1
1640677507081,1
1640677507086,1
1640677507095,1
1640677507077,1
1640677507098,1
1640677507083,1
1640677507101,1
1640677507097,1
1640677507082,1
1640677507088,1
1640677507090,1
1640677507099,1
1640677507092,1
1640677507085,1
1649267441692,1
1649267441698,1
1649267441683,1
1649267441704,1
1649267441684,1
1649267441688,1
1649267441676,1
1649267441694,1
1649267441673,1
1649267441666,1
1649267441703,1
1649267441689,1
1649267441687,1
1649267441669,1
1649267441679,1
1649267441701,1
1649267441705,1
1649267441680,1
1649267441681,1
1649267441670,1
1649267441678,1
1649267441695,1
1649267441699,1
1649267441686,1
1649267441674,1
1649267441690,1
1649267441675,1
1649267441682,1
1649267441664,1
1649267441700,1
1649267441667,1
1657857376270,1
1657857376262,1
1657857376278,1
1657857376284,1
1657857376272,1
1657857376269,1
1657857376289,1
1657857376264,1
1657857376256,1
1657857376279,1
1657857376257,1
1657857376292,1
1657857376268,1
1657857376267,1
1657857376286,1
1657857376290,1
1657857376273,1
1657857376291,1
1657857376288,1
1657857376261,1
1657857376277,1
1657857376274,1
1657857376282,1
1657857376258,1
1657857376265,1
1657857376266,1
1657857376271,1
1657857376280,1
1657857376281,1
1657857376260,1
1666447310862,1
1666447310852,1
1666447310878,1
1666447310849,1
1666447310875,1
1666447310857,1
1666447310876,1
1666447310861,1
1666447310859,1
1666447310864,1
1666447310870,1
1666447310872,1
1666447310866,1
1666447310858,1
1666447310865,1
1666447310877,1
1666447310855,1
1666447310851,1
1666447310860,1
1666447310868,1
1666447310869,1
1666447310853,1
1666447310854,1
1666447310848,1
1666447310871,1
1666447310874,1
1675037245445,1
1675037245471,1
1675037245470,1
1675037245449,1
1675037245457,1
1675037245461,1
1675037245469,1
1675037245450,1
1675037245460,1
1675037245466,1
1675037245454,1
1675037245451,1
1675037245462,1
1675037245456,1
1675037245442,1
1675037245465,1
1675037245464,1
1675037245459,1
1675037245446,1
1675037245468,1
1675037245452,1
1675037245443,1
1675037245463,1
1675037245447,1
1675037245455,1
1675037245441,1
1683627180036,1
1683627180058,1
1683627180052,1
1683627180032,1
1683627180034,1
1683627180059,1
1683627180060,1
1683627180045,1
1683627180053,1
1683627180042,1
1683627180035,1
1683627180063,1
1683627180047,1
1683627180048,1
1683627180040,1
1683627180054,1
1683627180037,1
1683627180049,1
1683627180043,1
1683627180050,1
1683627180039,1
1683627180055,1
1683627180041,1
1683627180056,1
1683627180061,1
1683627180057,1
1683627180033,1
1683627180046,1
1683627180038,1
1683627180062,1
1683627180051,1
1683627180044,1
1692217114632,1
1692217114634,1
1692217114624,1
1692217114649,1
1692217114645,1
1692217114635,1
1692217114642,1
1692217114631,1
1692217114640,1
1692217114637,1
1692217114625,1
1692217114641,1
1692217114652,1
1692217114647,1
1692217114643,1
1692217114644,1
1692217114626,1
1692217114638,1
1692217114639,1
1692217114646,1
1700807049230,1
1700807049238,1
1700807049236,1
1700807049225,1
1700807049218,1
1700807049229,1
1700807049237,1
1700807049244,1
1700807049233,1
1700807049217,1
1700807049226,1
1700807049223,1
1700807049243,1
1700807049222,1
1700807049216,1
1700807049234,1
1700807049219,1
1700807049242,1
1700807049239,1
1700807049241,1
1700807049228,1
1700807049231,1
1700807049227,1
1700807049235,1
1709396983828,1
1709396983811,1
1709396983823,1
1709396983822,1
1709396983838,1
1709396983833,1
1709396983808,1
1709396983810,1
1709396983821,1
1709396983816,1
1709396983835,1
1709396983841,1
1709396983839,1
1709396983842,1
1709396983824,1
1709396983836,1
1709396983809,1
1709396983819,1
1709396983827,1
1709396983820,1
1709396983814,1
1709396983840,1
1709396983812,1
1709396983826,1
1709396983837,1
1709396983832,1
1709396983829,1
1709396983831,1
1709396983815,1
1709396983825,1
1709396983830,1
1709396983817,1
1709396983818,1
