id,count
2565,30940
1549,22003
766,18204
1166,17361
2688,14220
11,13401
457,13297
3352,12875
5524,12200
3456,10293
1151,10160
1374,9649
2485,9621
2871,9450
2328,8917
4310,8182
5079,8150
3453,7920
2237,7911
2651,7901
737,7834
1608,7472
5802,7440
993,7373
5189,7141
1297,7006
2398,6792
3447,6489
311,6335
5697,6323
5800,6282
4712,6045
1305,5923
4099,5811
2576,5723
3026,5603
1133,5586
2972,5583
2326,5482
4967,5474
5179,5466
789,5416
2297,5402
2658,5365
813,5285
2653,5249
3642,5227
2625,5181
5188,5131
2145,5131
2713,5127
2256,5001
2411,4966
2654,4942
5543,4931
4037,4926
2790,4886
5022,4879
3454,4855
15,4847
988,4838
1496,4822
2660,4821
3568,4753
722,4687
4828,4676
825,4649
3449,4629
3615,4616
762,4557
2967,4548
3459,4499
3796,4493
2700,4295
2066,4237
2693,4227
1428,4218
3614,4132
3394,4068
5814,4033
72,4026
4191,4023
1492,3968
5002,3915
173,3890
3976,3885
6907,3871
3787,3866
2474,3850
3028,3838
1319,3819
2535,3814
2859,3800
1211,3770
4632,3770
2135,3731
3089,3709
600,3706
1098,3699
4536,3678
24,3642
407,3605
5254,3594
2323,3560
7092,3545
826,3535
6305,3534
1972,3517
6327,3477
3586,3439
3276,3426
3452,3400
4899,3351
1919,3316
4483,3284
36,3281
4335,3273
7052,3236
310,3197
5020,3187
784,3183
2371,3174
1585,3158
5531,3156
6,3143
2686,3085
3084,3059
1167,3057
2369,3033
122,3026
5412,3004
306,3004
68,2995
2290,2994
4653,2984
1542,2978
3641,2943
2657,2924
4045,2912
2516,2910
996,2908
2240,2883
3439,2846
1814,2822
6624,2799
2958,2771
1808,2763
3381,2751
4124,2749
3258,2703
1357,2702
5796,2685
6914,2672
2560,2671
3010,2667
3334,2650
3537,2650
3498,2644
3631,2633
290,2623
922,2610
2674,2608
2120,2599
7047,2598
3192,2585
3897,2580
2585,2578
2542,2564
1772,2534
6299,2529
3032,2526
2594,2504
1055,2497
5176,2473
317,2455
3291,2446
2667,2441
3117,2438
2381,2425
1717,2414
3024,2382
3005,2360
4065,2359
5123,2357
2062,2357
1633,2354
312,2338
2747,2331
1521,2327
2510,2319
3634,2319
3562,2312
28,2309
8,2294
6832,2269
3643,2231
1279,2204
6560,2200
3144,2183
3034,2182
109,2154
3813,2150
86,2139
946,2134
6006,2126
4040,2120
5459,2091
3404,2091
4441,2090
1210,2090
7620,2088
2775,2084
2900,2076
1734,2075
308,2074
3854,2074
1754,2017
7553,2014
4795,2006
2593,2003
4735,1988
3238,1977
1062,1967
2504,1955
6596,1951
769,1949
5822,1945
1922,1931
663,1926
4948,1923
3443,1914
5806,1913
7280,1912
35,1899
4824,1897
1395,1893
6934,1888
1982,1885
271,1879
2707,1877
904,1874
2940,1873
2619,1871
4964,1864
2225,1856
7632,1844
856,1843
4041,1839
319,1838
1700,1836
5103,1815
3812,1802
6665,1801
6032,1799
4448,1799
3724,1765
6714,1753
4717,1745
204,1743
6272,1743
5871,1738
5233,1736
5404,1734
6634,1733
3660,1729
5714,1726
432,1725
6784,1725
6946,1725
6555,1724
3479,1722
4044,1702
707,1693
1487,1689
2696,1687
1538,1673
29,1664
978,1660
6618,1657
3541,1652
2774,1650
3645,1644
1352,1642
2697,1639
3033,1626
974,1621
1236,1618
1621,1616
3635,1612
5811,1600
2174,1598
5773,1589
6913,1584
4666,1582
2144,1580
8293,1580
5818,1574
710,1571
5582,1571
1622,1570
941,1566
5998,1564
2842,1562
1997,1552
1473,1550
2547,1539
3956,1535
87,1534
3092,1532
4297,1531
2623,1530
2210,1527
3274,1527
1555,1524
6615,1523
2257,1517
4219,1504
5262,1501
3455,1499
879,1497
2356,1489
5739,1478
6270,1476
5185,1471
2746,1462
1200,1457
1799,1454
1026,1449
4338,1448
6523,1443
2727,1441
1201,1440
4875,1429
2258,1426
1701,1424
1769,1415
1137,1413
1267,1410
2072,1407
1470,1404
1990,1400
2117,1400
2229,1399
56,1398
1097,1397
4981,1391
3691,1388
3020,1384
1847,1372
697,1365
5423,1363
2932,1360
5484,1359
5178,1358
2909,1358
1482,1344
2851,1340
4547,1337
2209,1336
4574,1332
3666,1320
2440,1311
5817,1304
2114,1300
1615,1292
3910,1278
299,1273
704,1273
5263,1268
3260,1267
3650,1266
1688,1266
1247,1264
2605,1252
7225,1250
4256,1245
3843,1239
4138,1236
7057,1236
2251,1234
2384,1234
5839,1232
5872,1220
6414,1220
2831,1218
1835,1215
2276,1212
6123,1208
4846,1186
3027,1183
1385,1181
3059,1180
5210,1177
1029,1176
5301,1174
4400,1173
805,1168
2252,1162
2822,1159
1164,1155
4587,1145
172,1143
3253,1133
3009,1128
8294,1127
127,1127
1705,1125
1956,1117
6976,1111
3516,1110
1006,1105
971,1104
417,1103
5529,1101
3007,1100
5028,1098
2595,1095
171,1093
5563,1093
2506,1093
1583,1093
1186,1093
2133,1092
2923,1092
6774,1088
2508,1085
4792,1084
3480,1084
2981,1080
3661,1078
20,1078
3148,1076
1350,1074
763,1073
1842,1071
3958,1070
1783,1066
8295,1065
6993,1061
3969,1060
3191,1060
5321,1059
3457,1057
346,1056
1253,1052
1888,1050
2968,1050
5439,1049
1514,1046
2375,1037
1111,1036
1193,1035
5288,1034
4011,1032
2646,1028
1453,1027
2134,1027
6218,1021
4212,1019
4600,1013
4578,1005
1966,998
7809,998
937,998
4261,995
3417,993
1471,988
1661,982
2231,976
1489,975
255,975
857,972
47,970
2912,969
4764,966
3748,965
214,961
4073,958
371,955
634,952
7414,950
1566,950
871,950
2354,949
1992,949
55,948
3321,943
3580,939
3402,937
1697,937
313,935
6241,932
5200,932
7378,929
2324,923
3458,922
4036,920
2322,920
4662,918
6097,918
4530,909
5449,907
2001,898
3408,895
5177,892
465,891
546,890
3265,889
2160,887
2655,887
706,886
4162,886
2264,883
4488,881
5173,878
259,878
1594,878
5596,876
6979,876
5445,874
282,873
5804,869
2456,868
5743,868
1522,866
80,863
5199,860
3607,857
8290,853
4361,852
6736,851
1135,850
5775,850
1749,847
5760,845
2819,843
4247,840
2102,839
304,838
7391,837
5140,836
2364,834
5226,832
1836,830
1286,828
3125,824
1918,822
1820,820
4781,820
3587,820
3473,819
1991,817
765,817
7021,809
1416,807
7231,807
4266,805
182,805
4661,804
608,803
3015,802
4179,801
1571,797
2507,797
1419,792
3140,788
3014,787
3792,780
6494,780
5829,779
6620,776
3892,775
579,774
5106,770
3903,764
1537,764
4276,764
1893,757
2618,757
6043,756
5819,756
1230,756
896,754
633,753
959,752
5827,749
25,748
6243,738
742,733
695,732
3755,732
5799,729
4687,729
1307,726
6156,724
4531,723
3557,721
5454,717
3962,717
5655,716
6715,716
5932,716
4072,712
2760,712
1291,711
6458,710
3529,707
730,705
7587,703
7086,701
3180,700
10,700
3136,698
5605,693
5037,692
6619,692
5273,690
1378,690
1074,690
3460,689
1525,686
556,681
4315,673
7063,670
2830,668
7054,667
4709,667
94,666
2416,665
4748,663
3030,663
3461,663
2973,663
23,661
2118,660
3806,658
4021,657
1733,655
2473,654
2689,653
3056,652
4827,652
6918,652
2410,651
4013,649
4290,649
3830,648
6359,646
1261,645
6323,644
1729,640
5886,640
4811,640
764,635
3680,634
1075,632
5684,631
4151,629
2550,628
2016,627
2794,627
1031,625
4510,624
7279,621
2612,621
1384,618
2620,618
1234,617
1353,615
6221,614
5857,613
151,609
2129,608
1977,608
908,607
4071,606
1792,606
2071,600
280,599
5902,598
4534,595
2289,593
425,592
1284,589
1680,587
4485,585
1855,582
1000,581
5624,580
6337,580
1248,580
1322,580
4055,579
7055,578
4110,575
1285,573
439,573
3463,570
6124,569
7400,569
2128,567
3803,566
1127,566
2559,566
1679,565
5812,564
4269,563
4299,563
3965,562
1413,561
3297,560
7961,557
6486,556
1744,556
1985,556
5335,556
3800,555
5844,553
2811,552
5100,552
4077,551
2768,551
1767,551
4070,550
2785,550
7301,549
1774,549
1035,548
5295,545
5824,544
6869,544
1185,544
5182,543
6855,542
1049,541
2517,540
3393,538
3835,538
4999,536
1547,536
5155,536
6481,535
4076,535
5055,534
2856,533
4715,533
3168,532
7131,531
3103,531
686,531
1816,531
6004,530
4550,528
4127,527
154,527
643,527
3073,527
3173,526
4355,525
1377,523
6151,521
339,520
844,520
2470,519
5947,517
1034,517
3451,516
3873,516
947,515
788,514
749,514
1360,514
5130,513
6229,512
6772,509
2544,508
6501,508
626,507
7699,507
3926,507
960,506
4463,505
7115,504
1730,502
4929,501
26,501
6833,501
3786,501
3519,494
2433,492
321,492
6330,490
4384,490
3483,490
5437,488
3018,488
4994,487
71,487
5828,486
3970,486
19,482
7233,482
7386,482
2236,481
3898,481
3489,478
2643,477
5584,476
2951,475
5452,475
4424,475
6790,473
4814,472
4263,471
403,471
178,471
986,470
2435,470
215,466
2592,466
6306,466
650,465
6437,464
7908,463
6875,461
5457,461
761,461
3338,459
4980,458
1310,458
6347,457
2754,457
6789,456
1723,454
4353,453
5798,452
1706,452
1497,451
1157,451
2815,448
155,448
994,446
7510,446
6417,446
4043,445
7237,444
2617,444
1103,444
6552,442
3720,442
4211,442
865,441
1596,439
1501,438
5430,437
795,436
1564,435
415,434
4983,434
7649,431
2116,428
3029,428
3307,426
1592,426
1811,426
5479,425
334,424
6098,423
840,423
2999,421
7005,420
2338,420
75,420
1777,419
3728,418
4201,418
5246,417
4719,416
2109,416
6505,415
4046,414
2241,414
2703,413
4953,412
1969,411
2834,411
3000,410
5026,410
3807,409
1239,409
1614,409
7295,409
5527,408
1221,408
4528,408
143,408
2699,408
6496,407
5693,407
3114,407
2872,407
2765,406
2365,406
1202,406
3752,406
4673,405
956,405
7662,404
6443,404
1823,404
2763,403
7478,401
7839,401
935,400
7351,400
2877,400
3995,399
7381,399
5190,398
5061,398
3002,397
1241,397
895,397
5776,396
1441,396
5545,396
982,394
2400,394
5184,393
1506,393
6770,390
5897,390
6441,389
7544,389
1781,388
3919,386
644,385
3350,385
4289,385
2193,385
887,384
3310,384
5110,384
2685,383
1726,383
4938,383
1787,382
7214,382
647,382
5204,382
285,381
1037,381
1552,380
1757,380
7443,379
3031,379
5144,379
759,379
859,379
1184,378
2299,378
2151,377
5637,376
4233,376
2963,374
6980,372
2325,371
4706,371
7651,371
1915,371
27,371
4713,371
1199,368
1603,368
39,368
5816,366
6044,366
1278,365
1403,365
236,364
2665,363
2702,362
1973,362
6860,362
14,361
3682,359
659,359
2955,359
3150,359
1024,359
6994,358
74,358
2964,358
3309,355
8291,355
7012,355
3021,354
2549,353
325,353
2285,352
3522,352
1165,351
3251,351
2662,350
733,349
817,349
3284,348
2157,348
549,348
665,348
2597,347
5612,347
545,347
128,346
152,345
1125,345
7101,342
5683,342
5092,342
6780,342
810,341
6388,340
2828,340
5463,339
6328,339
5285,338
3351,337
4098,336
4551,336
5807,335
2708,335
5482,335
166,335
4401,334
33,334
4962,334
4944,332
243,332
6000,332
854,330
6563,330
6566,329
6422,329
2687,329
6955,328
3371,328
3624,326
7882,326
2397,326
2472,326
7618,325
5121,325
5012,324
5072,324
1718,323
4437,323
2579,322
4144,322
4103,322
5721,321
9,321
1484,321
637,321
7890,321
2787,321
2587,320
315,320
4797,320
1756,319
2704,318
967,318
3527,317
50,317
2918,317
1550,316
1053,316
2838,315
1476,313
6613,312
7862,312
4829,312
1123,312
1390,312
3130,312
4298,311
7810,311
1032,310
1964,309
6576,309
5651,309
90,309
1014,309
3847,308
1259,307
6901,307
7833,307
356,306
147,306
2387,306
3346,305
110,305
7373,305
3435,305
4422,303
1129,303
1859,303
3106,303
138,302
1648,302
6001,301
3973,301
2341,301
1707,301
6600,300
5239,300
7277,298
5680,298
4598,298
132,297
3433,297
1393,296
3055,296
2085,294
8192,293
1646,293
5341,293
4688,293
3871,292
7924,291
2073,291
7080,291
1573,291
4798,291
1243,290
6930,290
7108,289
836,287
2009,287
6170,287
7119,286
1022,286
4588,285
1848,285
2106,285
6941,284
2014,281
5148,281
1483,281
739,281
2805,280
5630,280
3,280
298,280
6765,280
4365,278
5378,278
4820,278
4152,278
1641,276
5073,276
7624,276
5753,276
4527,276
3646,275
5289,274
1380,274
5963,274
1965,273
6783,272
6227,272
6320,272
4482,272
1903,271
2814,271
4189,270
3477,270
1330,269
5936,268
7116,267
7144,267
5922,265
1908,264
6442,264
5171,263
1222,263
1203,262
3887,262
5096,261
756,261
4613,261
2065,261
2988,260
42,260
54,259
7143,259
7168,259
1837,259
4940,258
1160,258
59,258
838,258
7795,258
5737,257
2511,257
1593,256
4175,256
2925,256
3946,256
113,255
1758,255
3885,255
7726,255
853,254
8174,254
1534,254
5780,252
5509,252
1215,251
3252,249
5083,249
1386,249
2307,248
2691,248
332,248
5392,247
6174,247
2809,247
6432,247
1612,246
406,246
6280,245
5891,245
4986,244
2799,243
5863,242
4604,242
5102,242
1468,242
2246,242
3937,242
4894,241
3842,241
7788,240
1159,240
4468,240
6595,239
2332,239
635,238
7910,238
2003,237
4373,237
4686,237
1805,236
3293,236
5671,236
140,235
5506,235
2385,235
6945,234
705,234
6720,234
5738,234
6699,234
667,233
6897,232
5166,232
1114,231
3390,231
673,231
1658,231
4879,230
1424,230
948,229
3681,229
1987,227
4323,227
136,227
3366,227
794,227
5915,227
2557,226
5925,225
656,225
1464,225
1748,225
7561,225
1796,224
6262,224
3200,223
3145,223
893,223
587,223
3567,223
1498,222
4796,222
5848,222
958,222
3794,221
3569,221
3670,220
1381,220
2599,220
1315,219
2677,219
3164,218
1628,218
3664,218
691,217
3375,216
6503,216
5466,216
6023,215
5432,215
6246,213
8121,213
5465,212
3967,212
2329,212
2230,212
5215,211
5487,211
1565,210
1927,210
1023,210
6873,210
348,209
350,209
8042,208
7757,208
7294,208
6594,208
4417,207
341,207
6251,207
1610,207
6072,207
2724,207
1653,207
2273,207
3726,206
5162,206
2091,206
1813,206
2093,206
4453,205
1580,205
3601,205
3380,204
636,204
943,203
8134,202
6712,202
79,202
5732,201
1849,201
4024,201
989,201
1984,201
7813,200
1018,200
228,199
5222,199
275,198
5928,198
1407,197
7050,197
12,197
590,197
7529,197
5323,197
1935,197
1637,196
715,196
5994,196
6906,196
999,195
4791,195
1439,194
981,194
708,194
3062,194
6296,193
3464,193
4884,193
1885,193
2097,192
7094,192
2669,192
2922,192
1437,191
5568,191
1858,191
2379,191
5626,190
1442,189
1520,189
3099,188
7238,188
7763,188
4234,188
4564,187
6510,187
3571,186
6360,185
5638,185
7683,185
8051,184
6094,184
7694,184
3902,183
230,183
7120,183
1204,182
1979,181
1394,181
5950,181
4051,181
1732,181
322,181
3916,181
1980,180
2564,179
130,179
4134,179
3175,179
252,178
798,178
6460,177
1714,177
5053,176
8212,176
402,176
4557,175
7855,175
1768,175
1335,175
3769,174
4432,174
5180,173
7733,173
3462,173
3378,172
3717,172
1080,172
6334,171
4777,171
6554,171
2211,170
3348,170
6599,170
8297,169
4221,168
3548,168
6570,168
447,167
3057,167
89,167
6916,166
103,166
861,166
1124,165
2452,165
2721,165
2974,165
1795,164
21,164
1953,164
1654,164
5620,164
6148,163
232,163
827,163
975,162
6739,162
8168,162
7646,162
3658,162
1190,160
1667,160
7979,160
3804,160
46,159
4349,159
3304,159
3506,158
6498,158
2298,158
226,158
1500,158
928,158
157,157
1746,157
878,157
17,156
2079,156
3659,156
370,155
4974,155
7860,155
1880,154
5640,154
1367,154
1250,154
7835,154
3320,154
150,153
2490,153
674,153
192,153
7927,153
7614,153
696,153
4341,152
3633,152
972,152
4982,152
3785,151
1838,151
5933,151
918,151
719,150
261,150
227,149
7871,149
791,149
1963,149
8163,149
1752,148
7695,148
7707,148
6632,147
5175,147
559,147
1587,147
1382,146
2497,146
2570,146
135,146
4813,146
803,146
5415,145
1296,144
1802,144
4507,144
4074,144
4142,144
4435,144
405,144
907,144
1425,143
7449,143
5132,143
1142,142
1788,142
2095,142
6528,142
7803,141
231,141
4402,141
1613,141
3520,141
1191,140
3949,139
372,139
6198,139
6400,139
7744,139
5511,138
1061,138
1662,138
4689,137
7073,137
5772,137
985,137
3290,137
3098,136
1548,136
1896,135
2546,134
4808,133
2053,133
5327,133
8209,132
6518,132
7185,131
6951,131
5790,131
203,131
2993,131
4529,131
560,130
1644,130
1140,130
291,130
1043,129
5691,129
3814,129
1039,128
2233,128
5787,128
5427,128
2902,127
506,126
7422,126
677,125
168,125
4222,125
2272,124
5835,124
8224,124
5058,124
2475,124
7992,124
6029,124
1480,124
5696,123
2169,123
2178,123
4780,123
5391,123
2764,123
2294,123
841,123
968,123
723,122
8292,122
1007,122
38,122
3630,121
2004,121
7965,121
4977,120
1638,120
3554,120
6407,120
176,120
5809,119
6953,119
1420,119
870,119
5614,119
7497,119
7341,119
2119,119
741,119
5125,118
2880,118
4718,118
1597,117
2186,117
2333,117
5980,117
6900,117
5973,117
5384,116
1747,115
2801,115
2156,115
7088,115
1780,115
4480,114
58,114
7912,113
1100,113
2223,113
852,113
8083,113
1462,113
7045,113
7450,113
3301,112
6166,112
7442,112
1618,112
3555,112
2580,111
2274,111
1672,111
3922,111
3095,111
3243,111
5181,110
1556,110
3126,110
376,110
3324,110
1156,110
5172,110
6589,110
1518,109
6948,109
7056,109
1132,109
383,108
257,108
1857,108
2137,108
4500,108
8219,108
3523,107
3912,107
1864,107
3006,107
6627,107
488,106
2566,106
6424,106
2966,106
1619,106
2647,106
7666,105
8141,105
125,104
2076,104
8044,103
66,103
1154,103
5969,103
2935,103
2541,102
8128,102
224,102
5553,101
564,101
5421,101
1798,101
1490,101
2476,101
5539,100
4088,99
4412,99
5650,99
4001,99
5342,99
913,99
675,98
1791,98
2168,98
2777,98
664,98
1012,98
746,98
1691,98
2832,97
6850,96
1375,96
3142,96
750,96
6725,95
4,95
5934,95
2376,95
4173,95
49,94
1751,94
1649,94
7362,93
963,93
3478,92
1396,92
3521,91
3622,91
649,91
938,91
1041,91
863,91
4199,90
4859,90
1465,90
1875,90
3917,90
7598,90
7059,90
6255,89
2339,89
5305,89
1901,88
1051,88
725,88
426,88
5,88
6924,88
6803,88
1762,87
7393,87
2345,87
216,87
6474,87
1951,86
53,86
3050,86
4181,86
1524,86
8178,86
3313,86
3376,86
3576,85
7647,85
1411,85
7512,85
2604,85
4063,85
2502,85
1131,84
2181,84
6068,84
4111,84
7132,84
1623,83
2977,83
180,83
3770,83
324,83
2948,82
966,82
440,82
1128,82
3209,82
163,81
8122,81
820,81
4631,81
5006,81
8037,81
2165,80
250,80
302,80
7946,79
144,79
842,79
3345,79
3772,78
2206,78
1402,78
936,78
1218,78
1050,78
932,77
3450,77
187,77
4756,77
592,77
873,76
1652,76
5837,76
6649,76
5296,76
3611,76
5029,75
3538,75
183,75
5245,75
1418,74
2350,74
126,74
5862,74
6421,74
7879,73
1794,73
7389,73
2996,73
1962,72
658,72
682,72
2226,72
823,71
645,71
930,71
3629,71
3470,71
5592,70
2613,70
7874,70
1604,70
8198,70
5196,70
615,70
4136,70
6447,70
5639,70
34,69
139,69
3609,69
4818,69
681,69
2255,69
7564,69
584,68
2253,68
8237,68
885,68
3985,68
2917,68
1865,68
2690,68
8124,68
822,68
3256,68
567,68
5810,68
582,67
4943,67
1168,67
1042,67
689,67
429,66
3392,66
5617,66
5008,66
1046,66
2501,66
391,66
911,66
3482,65
286,65
1144,65
6737,65
8249,65
2946,65
6488,65
3196,64
5532,64
3948,64
428,64
273,64
61,64
5393,64
2926,63
44,63
1293,63
2069,63
2979,63
1444,63
1326,63
269,63
1629,63
829,62
3982,62
5312,62
336,62
771,62
1569,62
2277,62
7675,62
395,61
5559,61
7390,61
7236,61
4042,60
3486,60
1639,60
7040,60
2825,60
2904,59
4966,59
2340,59
3104,59
3072,58
7778,58
2744,58
5217,58
866,58
1884,58
3469,58
7053,58
396,58
586,57
4363,57
30,57
5692,57
1967,57
7727,57
6316,57
111,56
3379,56
609,56
104,56
2348,56
340,56
1321,55
1368,55
1009,55
5500,55
760,55
3446,55
4487,55
2249,54
7490,54
4646,54
4231,54
7239,54
7099,54
4466,54
41,54
2060,54
6902,54
2234,54
945,53
2720,53
3039,53
1513,53
998,53
2488,53
3319,53
1891,53
3445,53
882,53
2366,53
1678,52
868,52
6759,52
2499,52
5316,52
2991,52
1861,52
3088,52
8002,52
4725,52
7588,51
611,51
3597,51
5513,51
4976,51
78,51
7901,51
6628,51
864,51
3547,51
4331,50
4123,50
1389,50
2575,50
604,50
1595,50
6865,50
4433,50
7241,50
7679,50
1692,49
1152,49
5255,49
1493,49
4786,49
1277,49
7865,49
606,49
5485,49
6553,49
2159,49
4385,48
4778,48
1689,48
4364,48
1466,48
6606,47
7921,47
274,47
7593,47
2719,47
1196,47
2692,47
588,47
2033,47
3719,47
51,47
3816,47
1961,47
5308,46
6982,46
335,46
5991,46
3317,46
237,46
4776,46
991,46
379,46
7682,46
575,46
3110,45
2770,45
8073,45
1766,45
2589,45
1531,45
161,45
3960,45
3068,45
6616,45
7578,45
4347,45
2701,44
3081,44
778,44
48,44
2652,44
580,44
583,44
5406,44
639,44
5446,44
394,44
5187,43
2694,43
2797,43
849,43
553,43
300,43
1446,43
201,43
1063,43
955,43
258,42
2426,42
616,42
153,42
7,42
5972,42
1038,42
373,42
4351,42
5783,42
995,41
712,41
4295,41
2914,41
246,41
1169,41
514,41
2698,41
5820,41
2205,41
3798,41
872,41
1669,40
727,40
979,40
7074,40
6409,40
1463,40
1600,40
7350,40
6611,40
7262,40
377,40
3235,40
3556,40
7774,40
700,39
4677,39
1947,39
2172,39
6217,39
714,39
2479,39
8287,39
7046,39
427,39
2791,38
802,38
5382,38
2202,38
2706,38
5784,38
881,38
1920,38
7186,38
2672,38
627,38
431,38
6398,38
3665,37
4843,37
4058,37
7397,37
1925,37
4031,37
2010,37
1260,37
2740,37
7691,37
2883,37
631,36
5821,36
6462,36
6047,36
3809,36
2099,36
95,36
5606,36
3481,36
6020,36
2195,36
3326,36
5705,36
1372,35
7574,35
4056,35
4117,35
6608,35
5208,35
3127,35
3188,34
668,34
4645,34
2182,34
6991,34
5756,34
748,34
589,34
4831,34
1003,34
3388,34
2781,34
4486,34
7110,34
1290,33
2751,33
270,33
2007,33
1220,33
5850,33
2983,33
435,33
717,33
1803,33
4992,33
624,33
1986,33
3591,33
7100,33
7652,32
933,32
5977,32
2670,32
5591,32
175,32
4455,32
6848,32
6161,32
684,32
4489,32
7701,32
2989,31
1563,31
816,31
1983,31
3525,31
3849,31
5644,31
3333,31
193,31
7049,31
3776,31
2121,30
6522,30
5860,30
2804,30
1044,30
4218,30
5999,30
2368,30
4442,30
613,30
2281,30
6663,30
99,30
4150,30
2571,30
1358,30
1582,30
6075,30
1720,30
954,30
3977,30
1192,29
219,29
1716,29
2650,29
3227,29
4415,29
977,29
6525,29
2409,29
1553,29
7090,29
5887,29
7791,28
3980,28
2736,28
4993,28
2928,28
1868,28
4678,28
3678,28
7580,28
3528,28
3466,27
5326,27
4511,27
6024,27
5499,27
657,27
2101,27
265,27
2063,27
4988,26
1793,26
77,26
779,26
5387,26
566,26
6302,26
4386,26
2607,26
6105,26
1800,26
4562,26
6204,26
3255,26
349,26
8047,26
2176,26
363,26
4558,26
607,26
8169,26
3767,26
743,25
5059,25
5745,25
3933,25
1013,25
2840,25
2552,25
412,25
875,25
1687,25
1670,25
101,25
6938,25
5623,25
3616,25
32,25
142,25
5757,24
628,24
223,24
6567,24
5467,24
1557,24
5709,24
263,24
93,24
5375,24
4625,24
3647,24
4007,24
3914,24
6917,24
2737,24
4273,24
906,24
2092,24
837,24
2386,24
67,24
7928,24
7902,24
1235,23
3386,23
1282,23
16,23
897,23
338,23
3410,23
5317,23
4214,23
3856,23
4648,23
4934,23
1207,23
2889,23
4767,23
5203,23
8085,23
2792,23
7517,23
5141,23
37,23
4329,23
839,22
4416,22
3639,22
3508,22
7162,22
8296,22
1485,22
1141,22
4030,22
2591,22
4647,22
81,22
687,22
6078,22
7436,22
7104,22
105,22
3714,22
4726,22
1233,22
62,22
5044,21
2953,21
73,21
4224,21
5119,21
3822,21
3041,21
806,21
934,21
4183,21
2171,21
8053,21
7352,21
6220,21
3593,21
8050,21
1412,20
64,20
3745,20
2357,20
6483,20
3872,20
6892,20
1478,20
538,20
3893,20
1647,20
3199,20
6571,20
1510,20
6700,20
6840,20
3811,20
3343,20
2242,20
3262,20
6511,20
1532,20
581,19
2821,19
6777,19
7201,19
3053,19
5616,19
499,19
301,19
2818,19
7188,19
670,19
1822,19
314,19
618,19
5801,19
7150,19
4987,19
6942,19
7491,18
179,18
3560,18
3472,18
5033,18
1095,18
7996,18
7688,18
1306,18
5952,18
4583,18
6491,18
8282,18
6435,18
4471,18
3225,18
4963,18
3271,18
5984,17
6021,17
4429,17
5961,17
3373,17
3877,17
5562,17
4822,17
3961,17
3971,17
4620,17
1281,17
2548,17
2115,17
3107,17
7343,17
617,17
6269,17
8036,17
7900,17
6923,17
4428,17
6261,16
3729,16
2844,16
2052,16
5150,16
6082,16
145,16
5193,16
1711,16
1486,16
1636,16
1266,16
2638,16
7769,16
3603,16
5417,16
899,16
6885,16
362,16
7026,16
8046,16
368,16
254,16
422,15
1722,15
4652,15
1833,15
5011,15
1507,15
7493,15
5564,15
1495,15
7304,15
3942,15
3155,15
3496,15
1931,15
4216,15
7171,15
3172,15
4815,15
6890,15
3815,15
2855,15
3275,15
6311,15
4377,15
6538,14
4681,14
5713,14
8288,14
221,14
4924,14
5118,14
4746,14
2084,14
57,14
7994,14
7335,14
6111,14
18,14
3549,14
7755,14
4128,14
197,14
3035,14
7634,14
7183,14
1245,14
6223,14
1077,14
7409,14
4068,14
266,14
4049,14
5143,14
4316,14
4937,13
433,13
2778,13
8284,13
4633,13
390,13
5399,13
326,13
3193,13
328,13
3409,13
5805,13
167,13
6377,13
515,13
5741,13
1937,13
1948,13
6346,13
249,13
7243,13
7980,13
5064,13
3315,13
7315,13
6788,13
3208,13
2217,13
2629,13
3190,13
5009,13
7511,13
4654,13
5050,13
4047,13
5608,13
3108,13
1242,13
4254,13
4220,13
1102,13
6806,12
5017,12
2913,12
782,12
2596,12
7306,12
4576,12
1092,12
5250,12
3109,12
1499,12
6967,12
7673,12
3488,12
1020,12
2950,12
5324,12
4447,12
378,12
7685,12
6059,12
2578,12
3087,12
3512,12
7775,12
3867,12
6859,12
2947,12
7153,12
3202,12
2163,12
3047,12
1533,12
5708,12
4669,12
5514,12
3766,12
3001,12
6933,12
622,12
7648,12
5908,12
5201,12
358,12
5534,12
454,12
5313,12
5015,12
6479,12
7952,12
2286,12
13,12
6009,12
6464,11
1099,11
1589,11
5550,11
3600,11
3036,11
2711,11
5836,11
4552,11
517,11
5115,11
5549,11
8204,11
7023,11
7668,11
5489,11
3090,11
1336,11
7323,11
7899,11
7772,11
3911,11
7227,11
6577,11
7319,11
1030,11
5243,11
601,11
4605,11
2987,11
366,11
5099,11
7228,11
4774,11
6755,11
848,11
2055,11
4078,10
4403,10
351,10
5830,10
4584,10
389,10
3080,10
1228,10
8090,10
3285,10
5191,10
5339,10
345,10
40,10
5940,10
929,10
3751,10
3731,10
3775,10
5472,10
6626,10
8130,10
942,10
920,10
5855,10
3662,10
251,10
6164,10
3921,10
7423,10
7642,10
6226,10
5935,10
5111,10
7669,10
4728,10
3037,10
7405,10
6529,10
7740,10
7317,10
467,9
4235,9
3999,9
4137,9
4275,9
4788,9
5174,9
2608,9
6027,9
4324,9
3189,9
222,9
3754,9
831,9
1719,9
5462,9
205,9
3875,9
3819,9
8173,9
5426,9
524,9
479,9
8246,9
1004,9
7818,9
6041,9
5474,9
31,9
5643,9
177,9
4039,9
6635,9
6016,9
860,9
7857,9
8211,9
781,9
6686,9
6702,9
1292,9
5016,9
6472,9
3553,8
2185,8
787,8
1770,8
4650,8
1323,8
7567,8
2843,8
4960,8
1316,8
6126,8
6707,8
3743,8
5360,8
108,8
7557,8
3799,8
5635,8
1684,8
4586,8
7146,8
6532,8
698,8
7062,8
5526,8
45,8
699,8
961,8
5663,8
4942,8
1605,8
7117,8
4663,8
7415,8
619,8
1182,8
1064,8
4621,8
2611,8
3046,8
2695,8
5589,8
1033,8
3869,8
7604,8
7768,8
7819,8
7471,8
6726,8
6766,8
5771,8
2378,8
7357,8
2088,7
1089,7
3171,7
4989,7
6502,7
797,7
3159,7
60,7
6526,7
530,7
1237,7
2484,7
1693,7
2362,7
241,7
1879,7
1467,7
7653,7
4012,7
5039,7
2598,7
1819,7
2427,7
4443,7
2509,7
5298,7
898,7
7743,7
1435,7
5045,7
5896,7
6548,7
7038,7
199,7
7766,7
327,7
8263,7
921,7
1657,7
120,7
5068,7
3518,7
404,7
1113,7
7697,7
983,7
3465,7
1027,7
8162,7
5043,7
3925,7
5198,7
8285,7
8107,7
7808,7
7964,7
2908,7
2645,7
7520,7
6867,7
1086,7
4082,7
5311,7
5945,7
191,7
7246,7
5320,6
3863,6
3808,6
3764,6
6045,6
387,6
365,6
4020,6
1457,6
2037,6
284,6
6200,6
359,6
3115,6
4973,6
256,6
5569,6
7498,6
744,6
5207,6
6146,6
209,6
158,6
4359,6
6590,6
6484,6
2659,6
469,6
3762,6
1928,6
3526,6
6758,6
6278,6
6805,6
1530,6
423,6
1143,6
4682,6
5647,6
804,6
421,6
6984,6
2444,6
6668,6
6809,6
2860,6
5194,6
7129,6
6911,6
5577,6
5364,6
4739,6
3082,6
4311,6
5552,6
5013,6
398,6
6162,6
1674,6
4398,6
7730,6
5470,6
6975,6
5981,6
3671,6
8132,6
3086,6
5702,6
6271,6
5478,6
7677,6
3749,6
3648,6
296,5
4665,5
6605,5
7434,5
4066,5
6721,5
6245,5
4626,5
3532,5
3692,5
3044,5
4438,5
3282,5
6461,5
6130,5
5768,5
4009,5
2833,5
3939,5
2481,5
501,5
6083,5
1771,5
1472,5
1331,5
7658,5
738,5
914,5
2215,5
6724,5
2425,5
2083,5
2939,5
5139,5
5354,5
5528,5
3839,5
915,5
4171,5
3513,5
4223,5
2112,5
4141,5
7402,5
7121,5
1008,5
6609,5
7387,5
903,5
352,5
3723,5
2752,5
8019,5
8148,5
4954,5
7439,5
2802,5
7747,5
2906,5
7327,5
329,5
7904,5
5271,5
3667,5
8033,5
3655,5
7661,5
3147,5
247,5
4008,5
7359,5
3589,5
7060,5
1789,5
7665,5
1150,5
909,5
1270,5
3888,5
400,5
2796,5
260,5
392,5
8152,5
6467,5
6344,5
6248,4
5913,4
5306,4
495,4
2683,4
3709,4
3802,4
4272,4
970,4
1737,4
5515,4
2282,4
410,4
1940,4
449,4
3305,4
3610,4
7289,4
5551,4
3713,4
347,4
1078,4
6550,4
5231,4
1872,4
2254,4
3542,4
1179,4
1183,4
4947,4
5455,4
950,4
106,4
4326,4
513,4
5368,4
6096,4
3991,4
2941,4
3077,4
4119,4
5481,4
6080,4
4853,4
1631,4
6657,4
4866,4
572,4
6106,4
5048,4
7625,4
6179,4
6325,4
2903,4
3354,4
5600,4
554,4
5286,4
4255,4
5769,4
1874,4
6971,4
7579,4
364,4
5351,4
2342,4
5051,4
620,4
4664,4
4319,4
1976,4
2041,4
4187,4
4885,4
5658,4
1356,4
7281,4
728,4
1741,4
4188,4
8226,4
4783,4
8277,4
6394,4
7812,4
6242,4
646,4
8156,4
2995,4
5926,4
8275,4
7266,4
8283,4
6895,4
2130,4
3292,4
6676,4
7019,4
1469,4
1892,4
6781,4
3920,4
6069,3
2545,3
6504,3
6038,3
3060,3
2188,3
3636,3
6682,3
796,3
570,3
7222,3
98,3
5142,3
202,3
2866,3
6500,3
4186,3
3377,3
2480,3
8276,3
4891,3
5396,3
1759,3
2287,3
1301,3
5920,3
5808,3
6427,3
5075,3
240,3
5955,3
6592,3
4451,3
7254,3
2061,3
386,3
4332,3
6235,3
5666,3
4155,3
4840,3
3040,3
5588,3
542,3
3120,3
6380,3
7799,3
7508,3
7293,3
424,3
3777,3
6445,3
3325,3
1365,3
3544,3
7161,3
692,3
2247,3
6747,3
1696,3
5890,3
6670,3
320,3
5267,3
6769,3
1354,3
3737,3
7149,3
5521,3
6134,3
6666,3
525,3
4639,3
4116,3
6070,3
5264,3
4535,3
7354,3
1432,3
7253,3
7142,3
7096,3
3094,3
1955,3
3004,3
7113,3
7230,3
4630,3
6804,3
5146,3
3349,3
1005,3
2680,3
6671,3
7586,3
4757,3
7061,3
4618,3
4851,3
6225,3
1952,3
5664,3
7180,3
2567,3
6207,3
5823,3
1240,3
7569,3
5089,3
7907,3
7024,3
2192,3
6920,3
7257,3
4893,3
1807,3
3725,3
4710,3
4426,3
5260,3
6456,3
5916,3
460,3
6912,3
7873,3
5309,3
1876,3
2807,3
1362,3
2367,3
4379,3
4850,2
307,2
2012,2
2407,2
4765,2
1943,2
2108,2
3406,2
1429,2
2111,2
3316,2
5834,2
8289,2
3391,2
5673,2
4104,2
5133,2
4833,2
5303,2
4659,2
7590,2
188,2
6655,2
4197,2
5788,2
100,2
912,2
772,2
5010,2
4014,2
8024,2
3536,2
3355,2
4312,2
164,2
208,2
4314,2
6658,2
4779,2
6216,2
102,2
694,2
5468,2
1451,2
3924,2
3880,2
1443,2
4883,2
303,2
1830,2
4228,2
5694,2
5982,2
5428,2
461,2
3735,2
1447,2
1085,2
6530,2
5707,2
5160,2
1423,2
7440,2
4751,2
4509,2
6110,2
2978,2
3561,2
2569,2
2214,2
331,2
1198,2
5706,2
8025,2
1197,2
2518,2
6324,2
353,2
5363,2
6524,2
3705,2
8068,2
4325,2
4411,2
124,2
3266,2
7829,2
6883,2
3250,2
5352,2
521,2
6711,2
434,2
4476,2
4595,2
133,2
7687,2
343,2
4430,2
4852,2
7676,2
1340,2
2676,2
6896,2
7407,2
3176,2
1010,2
7379,2
1505,2
3855,2
2626,2
6093,2
1383,2
4809,2
4431,2
1052,2
4140,2
8069,2
2555,2
4563,2
1554,2
614,2
7424,2
7597,2
6314,2
7605,2
7884,2
1899,2
455,2
7533,2
6813,2
5590,2
6049,2
5675,2
6959,2
2976,2
6054,2
7394,2
1831,2
4169,2
5276,2
688,2
6692,2
1028,2
7276,2
245,2
4120,2
7484,2
1950,2
869,2
2609,2
2985,2
916,2
2986,2
6487,2
7518,2
3017,2
3306,2
7043,2
7759,2
8171,2
7011,2
1212,2
1869,2
3025,2
7929,2
3201,2
3123,2
1011,2
4524,2
5949,2
793,2
5405,2
561,2
7913,2
6775,2
7792,2
463,2
4440,2
6428,2
3384,2
7421,2
6010,2
1287,2
4532,2
4292,2
4898,2
5873,2
1246,2
6723,2
6286,2
6870,2
8243,2
7064,2
367,2
984,2
3845,2
7933,2
7126,2
5761,2
1195,2
7452,2
3959,1
2898,1
4333,1
987,1
2762,1
1093,1
4864,1
5520,1
5060,1
4215,1
3268,1
4862,1
3583,1
4837,1
541,1
8235,1
6109,1
786,1
6127,1
162,1
6313,1
7215,1
2478,1
2309,1
4912,1
5516,1
3137,1
4582,1
3118,1
3747,1
4317,1
4904,1
5960,1
2793,1
3797,1
6568,1
2036,1
3947,1
3653,1
5350,1
96,1
3296,1
4148,1
6160,1
3595,1
8227,1
477,1
2360,1
5036,1
1995,1
4461,1
640,1
4446,1
3197,1
2933,1
4006,1
770,1
1134,1
1339,1
4456,1
5797,1
4567,1
5361,1
3049,1
3061,1
4192,1
4926,1
6062,1
6709,1
1147,1
3535,1
244,1
3850,1
2049,1
2373,1
4616,1
5931,1
8139,1
5197,1
2105,1
5803,1
6201,1
2011,1
2044,1
4915,1
1344,1
5720,1
2994,1
3361,1
5754,1
7583,1
585,1
1059,1
4342,1
1138,1
2482,1
4655,1
4914,1
957,1
830,1
1084,1
4000,1
115,1
1504,1
4760,1
2177,1
2523,1
414,1
2715,1
4855,1
4089,1
5381,1
2919,1
5921,1
536,1
5344,1
679,1
5610,1
1599,1
4252,1
1430,1
3598,1
6598,1
2141,1
642,1
812,1
2244,1
5456,1
4742,1
4750,1
4799,1
6561,1
4265,1
1778,1
1065,1
305,1
1342,1
4623,1
4303,1
342,1
4164,1
4320,1
3677,1
4383,1
6614,1
2458,1
3075,1
5778,1
5704,1
4577,1
4591,1
5565,1
6326,1
2314,1
6202,1
6645,1
4282,1
121,1
1632,1
2462,1
2042,1
1094,1
333,1
5942,1
900,1
690,1
4027,1
4213,1
3211,1
5095,1
2990,1
4922,1
2907,1
4952,1
2414,1
5668,1
2969,1
5274,1
4849,1
6298,1
1333,1
2901,1
3685,1
3750,1
6471,1
5570,1
2524,1
4854,1
2059,1
3992,1
5877,1
800,1
944,1
4838,1
4975,1
666,1
926,1
6081,1
7014,1
574,1
6949,1
169,1
462,1
6212,1
3280,1
6612,1
2415,1
5475,1
7175,1
3399,1
6119,1
1526,1
6376,1
7948,1
5471,1
910,1
6459,1
7717,1
5722,1
3162,1
7906,1
6046,1
1252,1
6517,1
3429,1
7002,1
4565,1
6661,1
6801,1
7425,1
808,1
3247,1
7502,1
597,1
1427,1
7856,1
6886,1
6899,1
964,1
7716,1
1664,1
7284,1
5152,1
7401,1
565,1
2306,1
4371,1
8271,1
850,1
6889,1
6864,1
5883,1
6866,1
7815,1
7181,1
7756,1
43,1
7790,1
1782,1
5069,1
8225,1
3340,1
5536,1
6180,1
7321,1
3876,1
5120,1
1630,1
1232,1
2018,1
2359,1
4640,1
7271,1
7968,1
3930,1
4870,1
6317,1
268,1
3233,1
4651,1
5770,1
6734,1
6779,1
7282,1
2127,1
5151,1
7020,1
7136,1
3669,1
7831,1
7753,1
7738,1
1187,1
8007,1
2412,1
7931,1
4318,1
7734,1
2278,1
2621,1
2817,1
3689,1
6071,1
7455,1
4121,1
931,1
8149,1
1924,1
2293,1
7179,1
2198,1
6239,1
7843,1
1311,1
1570,1
5248,1
7383,1
8060,1
1105,1
2728,1
3881,1
4190,1
8222,1
5388,1
4327,1
6950,1
5334,1
7229,1
6196,1
7139,1
2867,1
292,1
8066,1
7176,1
7864,1
1742,1
3530,1
2998,1
3397,1
6607,1
8005,1
92,1
6719,1
7089,1
3928,1
5815,1
7767,1
7684,1
5882,1
4062,1
3851,1
3918,1
4434,1
399,1
6543,1
7594,1
8146,1
7806,1
5419,1
7071,1
8048,1
3673,1
1923,1
4733,1
3269,1
5930,1
6274,1
1320,1
4903,1
1406,1
5581,1
7030,1
497,1
1048,1
1944,1
6312,1
6685,1
494,1
444,1
701,1
2184,1
1867,1
318,1
5253,1
4135,1
7837,1
4354,1
4705,1
1338,1
3825,1
3543,1
5310,1
4936,1
7752,1
3686,1
8079,1
713,1
1690,1
2064,1
295,1
768,1
2197,1
5670,1
7130,1
165,1
1299,1
5583,1
2583,1
2568,1
4844,1
4095,1
1214,1
3683,1
65,1
235,1
1709,1
1912,1
3242,1
498,1
6822,1
5661,1
6295,1
7278,1
7164,1
6492,1
7302,1
3908,1
5740,1
6107,1
7842,1
2730,1
5126,1
7686,1
7380,1
2227,1
3216,1
7172,1
489,1
661,1
3604,1
1388,1
6415,1
4737,1
129,1
5993,1
76,1
1341,1
4906,1
6340,1
2153,1
3989,1
7029,1
1945,1
2780,1
3688,1
4375,1
4744,1
3403,1
3422,1
3974,1
5046,1
6935,1
6880,1
1436,0
1512,0
1572,0
3210,0
4821,0
7273,0
451,0
2393,0
3281,0
3368,0
5067,0
5613,0
5657,0
2530,0
2725,0
1528,0
2888,0
2930,0
3312,0
4236,0
4249,0
6252,0
718,0
1445,0
1695,0
1897,0
7316,0
3167,0
3491,0
3895,0
5052,0
6348,0
2402,0
2808,0
3299,0
4569,0
4782,0
6264,0
1104,0
1349,0
2392,0
2531,0
2718,0
2980,0
4408,0
5104,0
234,0
2729,0
3953,0
4856,0
6091,0
862,0
886,0
1158,0
1304,0
3983,0
4205,0
5497,0
5859,0
3490,0
3581,0
3711,0
4740,0
6019,0
6121,0
5965,0
1601,0
2020,0
2363,0
6147,0
6527,0
3578,0
6965,0
595,0
1112,0
1856,0
3187,0
1620,0
2139,0
5572,0
419,0
703,0
724,0
2180,0
2201,0
2846,0
4542,0
5473,0
6074,0
6152,0
112,0
3074,0
3494,0
3550,0
468,0
3078,0
3207,0
5566,0
6533,0
1021,0
2149,0
2155,0
2224,0
4370,0
5735,0
5911,0
6375,0
446,0
3978,0
5345,0
1298,0
2026,0
2759,0
3288,0
4015,0
4478,0
4823,0
880,0
924,0
2305,0
2738,0
3889,0
3944,0
4131,0
6176,0
4882,0
5062,0
1655,0
2288,0
4264,0
4887,0
3154,0
4166,0
4200,0
4593,0
5186,0
5413,0
5440,0
6653,0
1535,0
2164,0
3468,0
5729,0
146,0
1911,0
1938,0
2113,0
3727,0
4951,0
4985,0
6399,0
1109,0
2019,0
4449,0
5599,0
160,0
2017,0
5744,0
1227,0
1764,0
1821,0
2975,0
4819,0
5786,0
6282,0
1452,0
3981,0
6101,0
22,0
1045,0
1651,0
4080,0
7318,0
5874,0
539,0
2630,0
4703,0
4889,0
4972,0
5105,0
5366,0
1213,0
1804,0
1941,0
2013,0
2389,0
3565,0
4343,0
4362,0
6007,0
3105,0
1070,0
1334,0
3509,0
3663,0
5615,0
6582,0
5469,0
973,0
2862,0
3605,0
3649,0
5525,0
6118,0
1405,0
1635,0
2642,0
441,0
1303,0
2035,0
2390,0
5240,0
5136,0
4418,0
1431,0
2056,0
2403,0
3300,0
4026,0
5116,0
6037,0
980,0
3054,0
3272,0
3314,0
6625,0
458,0
902,0
3551,0
3821,0
4217,0
5665,0
6544,0
1519,0
2319,0
4414,0
5129,0
5662,0
5712,0
6067,0
6514,0
107,0
1269,0
3153,0
3771,0
4702,0
6315,0
824,0
2640,0
2776,0
3524,0
3883,0
4667,0
4699,0
5571,0
5607,0
6351,0
1145,0
1866,0
8175,0
2094,0
2755,0
4242,0
4723,0
5348,0
4508,0
4806,0
6604,0
1909,0
2521,0
3904,0
3909,0
4243,0
4444,0
4560,0
4714,0
5686,0
408,0
520,0
1058,0
1494,0
1579,0
2573,0
3195,0
3264,0
2028,0
4397,0
5275,0
248,0
1753,0
2442,0
3837,0
5660,0
5866,0
610,0
1454,0
3618,0
3619,0
5669,0
6497,0
6573,0
1071,0
1607,0
3558,0
4279,0
4575,0
4721,0
5376,0
6536,0
1981,0
2847,0
4901,0
5261,0
6188,0
815,0
1082,0
1576,0
2336,0
2463,0
2779,0
6213,0
1106,0
2351,0
2705,0
2841,0
6448,0
6588,0
3224,0
4752,0
7909,0
6025,0
6513,0
481,0
1978,0
4240,0
2448,0
3221,0
5087,0
5158,0
174,0
745,0
1659,0
2798,0
2438,0
3674,0
3955,0
4762,0
453,0
502,0
2002,0
2250,0
2330,0
2734,0
2803,0
2835,0
4458,0
4971,0
6191,0
6292,0
6406,0
1863,0
2649,0
2723,0
4919,0
6339,0
6349,0
1276,0
1398,0
1812,0
2268,0
2892,0
3339,0
2308,0
3112,0
3693,0
5573,0
2334,0
2957,0
4107,0
4146,0
5063,0
5690,0
6015,0
596,0
801,0
1060,0
1294,0
4445,0
4644,0
6455,0
1433,0
1676,0
1834,0
2631,0
3511,0
3774,0
4407,0
6546,0
2616,0
3048,0
4490,0
5040,0
5228,0
6521,0
492,0
736,0
889,0
2668,0
2875,0
3864,0
3997,0
4378,0
4405,0
4624,0
5919,0
548,0
1108,0
1161,0
1257,0
1665,0
2537,0
5842,0
6028,0
835,0
1559,0
2637,0
3038,0
3436,0
3722,0
5238,0
6378,0
621,0
716,0
1502,0
4836,0
6181,0
5519,0
375,0
1040,0
1272,0
1448,0
2971,0
207,0
2179,0
3151,0
5899,0
1017,0
2148,0
3984,0
4847,0
5091,0
5400,0
5436,0
5480,0
5603,0
486,0
1404,0
1832,0
2191,0
2767,0
2839,0
4225,0
4555,0
5924,0
2538,0
3160,0
4019,0
4232,0
6508,0
198,0
1921,0
2086,0
5602,0
6214,0
6257,0
4436,0
5032,0
1216,0
3353,0
1698,0
3183,0
5145,0
5927,0
6155,0
185,0
1308,0
3718,0
4694,0
5491,0
6651,0
1408,0
2936,0
2952,0
3579,0
3757,0
6206,0
799,0
1738,0
2311,0
4627,0
344,0
1110,0
6762,0
4459,0
5838,0
5314,0
5789,0
413,0
2213,0
2283,0
3599,0
3954,0
4704,0
2038,0
3540,0
3585,0
5416,0
6506,0
2956,0
2449,0
2498,0
3278,0
4556,0
5065,0
5265,0
2321,0
2465,0
2355,0
4308,0
4502,0
6493,0
1656,0
1883,0
1890,0
4641,0
6572,0
6583,0
2635,0
4697,0
5667,0
5989,0
1302,0
2870,0
6051,0
6983,0
2519,0
2520,0
2899,0
4346,0
4368,0
6050,0
6350,0
1740,0
4711,0
4900,0
5221,0
6332,0
456,0
2682,0
2869,0
6856,0
1790,0
3220,0
1939,0
2243,0
2493,0
2540,0
2627,0
4380,0
4845,0
6129,0
6381,0
962,0
5726,0
6061,0
6108,0
6169,0
2581,0
2467,0
3791,0
3894,0
4933,0
5841,0
6236,0
6387,0
6537,0
2391,0
4238,0
4394,0
4773,0
5766,0
5978,0
819,0
927,0
1683,0
1852,0
2315,0
4745,0
4810,0
6647,0
1397,0
2152,0
3240,0
3763,0
4533,0
6055,0
3335,0
5914,0
2344,0
3273,0
5794,0
6026,0
189,0
3497,0
4348,0
1449,0
1828,0
3083,0
3832,0
5435,0
190,0
2370,0
4491,0
2679,0
4920,0
5604,0
1206,0
1889,0
2395,0
6228,0
6356,0
6429,0
82,0
3204,0
3471,0
4452,0
5938,0
283,0
1400,0
1523,0
2992,0
5294,0
5763,0
6603,0
6475,0
4554,0
4619,0
2346,0
1617,0
2190,0
3870,0
1994,0
2025,0
2460,0
4462,0
4668,0
5717,0
3222,0
4660,0
4683,0
7365,0
5749,0
6291,0
6411,0
3318,0
6545,0
1177,0
4381,0
4636,0
5218,0
5397,0
6222,0
6253,0
612,0
3617,0
3156,0
3184,0
3500,0
4322,0
6641,0
683,0
1460,0
2586,0
2675,0
7708,0
3654,0
4568,0
4917,0
6113,0
949,0
1708,0
3135,0
4122,0
4194,0
4344,0
4897,0
1244,0
1886,0
2175,0
2413,0
6542,0
2457,0
2641,0
3085,0
3900,0
5088,0
5278,0
6871,0
5997,0
6630,0
3232,0
4807,0
1146,0
2212,0
3475,0
5785,0
6157,0
1268,0
1560,0
1763,0
2405,0
3359,0
3657,0
540,0
7290,0
3906,0
4092,0
6263,0
2266,0
3827,0
4091,0
213,0
4337,0
5505,0
5530,0
4185,0
4727,0
4771,0
5357,0
5438,0
4927,0
6412,0
6480,0
6551,0
277,0
1126,0
2082,0
4581,0
4707,0
5674,0
5698,0
6018,0
6383,0
654,0
2813,0
4096,0
5098,0
5227,0
519,0
1173,0
2170,0
2446,0
3230,0
3367,0
4787,0
4873,0
6165,0
3862,0
5090,0
6215,0
217,0
2302,0
2624,0
3362,0
5225,0
6519,0
141,0
3229,0
4016,0
6177,0
6547,0
783,0
992,0
1643,0
1760,0
2265,0
3119,0
3834,0
4241,0
5460,0
6053,0
6128,0
316,0
1081,0
1575,0
1724,0
1907,0
3101,0
3234,0
5109,0
5652,0
5854,0
5962,0
1180,0
2032,0
6279,0
2876,0
2879,0
3697,0
5385,0
6014,0
84,0
792,0
1174,0
1313,0
2528,0
4064,0
4545,0
2222,0
2439,0
2664,0
4684,0
3407,0
4038,0
6077,0
6273,0
648,0
3841,0
490,0
2401,0
2418,0
3071,0
3231,0
4880,0
4932,0
5774,0
6184,0
562,0
1194,0
1826,0
3703,0
5486,0
6654,0
4260,0
5347,0
5386,0
116,0
509,0
2434,0
2526,0
2753,0
4611,0
5242,0
780,0
1934,0
2260,0
3011,0
3012,0
3066,0
1529,0
3383,0
3706,0
3759,0
6035,0
88,0
134,0
2887,0
3695,0
4034,0
2228,0
3219,0
4170,0
4328,0
5122,0
5889,0
6660,0
2492,0
3411,0
3492,0
4913,0
5876,0
5917,0
5992,0
4048,0
6022,0
6132,0
1309,0
1731,0
2455,0
2556,0
4083,0
5447,0
5488,0
1650,0
2634,0
3124,0
5124,0
5356,0
6073,0
6450,0
1226,0
1745,0
2894,0
3267,0
3440,0
4991,0
4544,0
4841,0
4861,0
5284,0
5299,0
571,0
1666,0
2219,0
2388,0
2938,0
3244,0
4541,0
4839,0
5214,0
5751,0
5895,0
6515,0
1862,0
2924,0
3700,0
4708,0
5395,0
5752,0
3096,0
4481,0
4259,0
2318,0
2868,0
5241,0
6197,0
2962,0
3675,0
4174,0
4826,0
3023,0
1440,0
2270,0
5229,0
5490,0
6987,0
6142,0
6413,0
1660,0
2104,0
2150,0
2615,0
4250,0
4603,0
4755,0
4978,0
5374,0
6092,0
6585,0
552,0
1392,0
1516,0
2235,0
5703,0
2030,0
5495,0
4210,0
4425,0
2047,0
4467,0
4848,0
5711,0
1229,0
2015,0
2262,0
3303,0
3708,0
4503,0
5232,0
5587,0
1481,0
3779,0
4801,0
5343,0
3111,0
3810,0
6013,0
63,0
4876,0
2921,0
3076,0
3687,0
752,0
2320,0
2786,0
3510,0
6392,0
3205,0
1736,0
3212,0
3424,0
3679,0
3805,0
4793,0
4803,0
5561,0
6408,0
641,0
1019,0
1325,0
1574,0
4832,0
6052,0
1993,0
4908,0
6331,0
6656,0
411,0
3401,0
3515,0
4497,0
5038,0
5875,0
883,0
2970,0
4251,0
4872,0
473,0
720,0
2722,0
3385,0
4413,0
4881,0
83,0
557,0
1545,0
1810,0
3434,0
3957,0
5522,0
6395,0
6439,0
721,0
2087,0
2316,0
2394,0
3613,0
4306,0
4439,0
4597,0
4816,0
5477,0
5813,0
1784,0
2067,0
5625,0
6192,0
1025,0
2343,0
2551,0
4050,0
5537,0
5629,0
6267,0
445,0
602,0
676,0
1083,0
1588,0
4753,0
5695,0
6490,0
1255,0
4905,0
1681,0
2469,0
3043,0
3102,0
3886,0
5281,0
5290,0
6602,0
264,0
662,0
1846,0
2857,0
4423,0
4475,0
91,0
1101,0
1704,0
2424,0
2656,0
3620,0
6371,0
767,0
2466,0
3203,0
3298,0
3829,0
4857,0
5548,0
1517,0
2239,0
2503,0
4145,0
4207,0
4918,0
6060,0
6650,0
1219,0
1913,0
2527,0
4061,0
5371,0
1873,0
2173,0
2848,0
3051,0
4079,0
4543,0
5679,0
6230,0
2769,0
2852,0
3070,0
8038,0
5322,0
5429,0
6039,0
598,0
2045,0
2310,0
2406,0
2849,0
3259,0
3357,0
6063,0
2146,0
2216,0
4496,0
5097,0
5504,0
6391,0
1626,0
2515,0
4206,0
1712,0
2029,0
4069,0
4629,0
1002,0
2194,0
2905,0
2961,0
4057,0
5035,0
5864,0
6301,0
3966,0
5127,0
5220,0
1223,0
1703,0
2081,0
2534,0
5164,0
5601,0
504,0
814,0
2382,0
5636,0
1369,0
1373,0
3215,0
4154,0
4177,0
4538,0
1970,0
1409,0
3198,0
3223,0
7292,0
4649,0
5733,0
330,0
2096,0
5328,0
2203,0
3239,0
4923,0
6534,0
522,0
990,0
5853,0
6145,0
6397,0
6520,0
119,0
2317,0
3277,0
3412,0
3979,0
5750,0
6144,0
2717,0
4229,0
5153,0
5884,0
5885,0
6058,0
6731,0
7252,0
7762,0
1090,0
2136,0
3606,0
5645,0
6240,0
7650,0
8092,0
2110,0
2464,0
3441,0
3858,0
5523,0
6366,0
6797,0
7418,0
919,0
1280,0
1361,0
1870,0
3836,0
6903,0
7487,0
6732,0
6768,0
7616,0
591,0
2034,0
2895,0
3249,0
3652,0
5057,0
6143,0
8145,0
8153,0
7013,0
8179,0
1773,0
2161,0
4464,0
4594,0
5986,0
6033,0
8183,0
544,0
577,0
2477,0
2495,0
2644,0
2789,0
3241,0
3848,0
4465,0
5434,0
4672,0
4736,0
5071,0
5085,0
5291,0
6687,0
7976,0
6744,0
7353,0
711,0
2200,0
3656,0
3891,0
6958,0
7015,0
448,0
1686,0
1765,0
2199,0
2628,0
4789,0
6333,0
7953,0
8229,0
851,0
940,0
5377,0
6423,0
8089,0
2931,0
3781,0
4165,0
4369,0
5656,0
8286,0
200,0
625,0
4580,0
2138,0
388,0
6841,0
672,0
1539,0
1958,0
6621,0
3584,0
3742,0
7337,0
7754,0
7134,0
7160,0
7781,0
543,0
1318,0
2648,0
2863,0
4969,0
6090,0
7644,0
8206,0
6846,0
7037,0
8256,0
323,0
3019,0
4638,0
4738,0
5081,0
5990,0
6757,0
6926,0
7006,0
7072,0
7283,0
8273,0
309,0
1205,0
2423,0
1735,0
2058,0
2443,0
5576,0
6452,0
7841,0
534,0
1728,0
2896,0
4059,0
7720,0
7750,0
8203,0
890,0
2772,0
2784,0
5213,0
5682,0
6116,0
6877,0
7197,0
7659,0
7868,0
7889,0
8215,0
1584,0
2031,0
2349,0
3582,0
4132,0
4817,0
7565,0
7609,0
7780,0
2090,0
2633,0
3952,0
4195,0
5000,0
7601,0
8159,0
8213,0
1314,0
2447,0
4130,0
4830,0
6208,0
6319,0
6807,0
8166,0
443,0
652,0
3131,0
4163,0
4366,0
5730,0
6003,0
8181,0
6367,0
874,0
2562,0
2739,0
3733,0
4358,0
4372,0
5329,0
6622,0
6908,0
7428,0
8194,0
7919,0
8196,0
1300,0
287,0
6149,0
1642,0
3833,0
4147,0
4834,0
5280,0
5764,0
6440,0
8110,0
7377,0
8135,0
7672,0
6904,0
1459,0
1775,0
2353,0
2572,0
5362,0
4278,0
5966,0
7245,0
7935,0
7035,0
7737,0
1926,0
1988,0
2100,0
2126,0
3395,0
3927,0
4469,0
5219,0
6219,0
6648,0
7814,0
7267,0
2758,0
3261,0
3935,0
4995,0
6717,0
7664,0
7540,0
7945,0
8126,0
1882,0
1932,0
2749,0
4698,0
4701,0
5653,0
7166,0
7805,0
8172,0
7637,0
7523,0
7877,0
4896,0
2454,0
2561,0
2882,0
3063,0
3577,0
6753,0
1971,0
951,0
1345,0
2380,0
4246,0
4863,0
5346,0
6374,0
7492,0
6771,0
7885,0
888,0
2496,0
5676,0
5941,0
6469,0
7473,0
7861,0
8266,0
843,0
1379,0
1609,0
3358,0
3405,0
7645,0
7827,0
917,0
1536,0
2610,0
3504,0
3801,0
3936,0
4457,0
4925,0
4979,0
6182,0
6921,0
7192,0
7291,0
7887,0
8119,0
85,0
1455,0
2773,0
3226,0
4305,0
4693,0
5128,0
6100,0
6453,0
7041,0
7194,0
7639,0
7715,0
8071,0
52,0
2005,0
2167,0
4086,0
3929,0
4198,0
4540,0
4874,0
5195,0
7629,0
6844,0
7985,0
807,0
2671,0
4835,0
5595,0
6431,0
8150,0
2000,0
3181,0
3279,0
7915,0
8057,0
7159,0
8142,0
1906,0
2522,0
3702,0
5192,0
5627,0
6120,0
7670,0
7939,0
276,0
528,0
1841,0
2709,0
2954,0
3360,0
5135,0
5510,0
5937,0
7300,0
7079,0
7138,0
195,0
568,0
594,0
4607,0
4609,0
5833,0
8035,0
8144,0
7018,0
7975,0
1488,0
2131,0
4267,0
4539,0
4608,0
4825,0
6057,0
6203,0
6652,0
6929,0
7212,0
7729,0
8255,0
7326,0
7333,0
4389,0
5503,0
726,0
892,0
2396,0
3003,0
3248,0
5880,0
5282,0
6745,0
7087,0
7505,0
7867,0
6816,0
785,0
1721,0
2823,0
6307,0
6468,0
6812,0
7155,0
7416,0
7444,0
6695,0
6915,0
7911,0
1645,0
8186,0
4204,0
4360,0
5355,0
6002,0
7255,0
7329,0
7922,0
8161,0
527,0
1387,0
1930,0
3823,0
4167,0
6079,0
6675,0
267,0
573,0
8098,0
6962,0
6139,0
7537,0
7770,0
7970,0
3744,0
6150,0
7000,0
7966,0
8261,0
8248,0
1543,0
3128,0
3707,0
4245,0
4291,0
4526,0
5398,0
5517,0
6288,0
6304,0
7022,0
4399,0
5580,0
6048,0
8184,0
8040,0
8052,0
2741,0
4125,0
6584,0
7217,0
401,0
3149,0
3389,0
3931,0
7765,0
7577,0
8241,0
8262,0
2183,0
2731,0
2845,0
3194,0
4237,0
5183,0
5755,0
5907,0
7320,0
7376,0
7875,0
7978,0
8056,0
6910,0
7382,0
7480,0
2337,0
3676,0
4615,0
4741,0
5283,0
5967,0
6444,0
7336,0
7981,0
7782,0
7925,0
1079,0
1254,0
1616,0
2437,0
2603,0
4280,0
7048,0
8095,0
7570,0
7638,0
523,0
1568,0
3905,0
4296,0
4617,0
4759,0
6643,0
7098,0
7481,0
8012,0
8041,0
7698,0
476,0
3134,0
3444,0
4244,0
6509,0
8021,0
7332,0
7903,0
8216,0
206,0
1016,0
1829,0
2077,0
2300,0
2766,0
2826,0
3113,0
4867,0
5747,0
6141,0
7878,0
7955,0
632,0
1959,0
1509,0
4159,0
5367,0
7017,0
6729,0
7269,0
5792,0
3213,0
5840,0
6701,0
7550,0
6843,0
7789,0
218,0
3052,0
4133,0
5117,0
6690,0
6996,0
7696,0
8233,0
493,0
1238,0
1275,0
1421,0
1845,0
2929,0
4345,0
7268,0
7863,0
8187,0
1663,0
1809,0
2965,0
3712,0
3760,0
8084,0
6835,0
7309,0
8274,0
1337,0
3539,0
3640,0
5001,0
7009,0
8108,0
7296,0
8020,0
8074,0
1887,0
2441,0
3228,0
3437,0
4495,0
5230,0
5418,0
5649,0
6876,0
7251,0
7451,0
905,0
4404,0
7137,0
8167,0
7195,0
876,0
1671,0
1860,0
2221,0
3625,0
4053,0
4670,0
5628,0
6293,0
7051,0
6881,0
7028,0
7349,0
8170,0
8202,0
1551,0
1827,0
1905,0
3042,0
3923,0
4395,0
4868,0
4931,0
773,0
1139,0
1946,0
2187,0
3987,0
4601,0
5501,0
7534,0
7114,0
7163,0
8136,0
8245,0
2673,0
3369,0
3590,0
5710,0
7506,0
5959,0
5985,0
8055,0
6905,0
7849,0
374,0
1130,0
6321,0
6575,0
6972,0
7219,0
7758,0
8099,0
558,0
5956,0
3186,0
3566,0
3882,0
4035,0
4352,0
4696,0
6064,0
7031,0
7834,0
7853,0
7949,0
381,0
1175,0
2335,0
4208,0
6489,0
6639,0
6852,0
7123,0
1515,0
7893,0
6811,0
7998,0
1271,0
1611,0
2459,0
2512,0
4109,0
5995,0
5943,0
2267,0
2280,0
2684,0
3182,0
4313,0
4498,0
4860,0
6681,0
6430,0
7779,0
845,0
1208,0
4067,0
4093,0
5251,0
5554,0
3788,0
5910,0
118,0
669,0
6680,0
6088,0
6224,0
6393,0
7363,0
6845,0
6954,0
7004,0
7348,0
7630,0
1540,0
1541,0
1668,0
1916,0
3758,0
4126,0
7741,0
7174,0
2453,0
3865,0
4521,0
4336,0
5988,0
7220,0
7761,0
7107,0
7404,0
7866,0
7916,0
8081,0
653,0
753,0
4599,0
6066,0
6294,0
7305,0
7728,0
1172,0
1351,0
4635,0
4935,0
4970,0
5512,0
7690,0
8011,0
7235,0
1087,0
3487,0
3563,0
4257,0
6185,0
7345,0
8070,0
678,0
1871,0
2304,0
2494,0
4075,0
4307,0
5277,0
7745,0
5832,0
1346,0
4085,0
5555,0
6756,0
6112,0
1171,0
1391,0
3963,0
4785,0
6601,0
6703,0
7515,0
6727,0
194,0
418,0
1785,0
4382,0
5380,0
5861,0
6036,0
6133,0
6478,0
6746,0
6961,0
8006,0
7545,0
7932,0
578,0
3138,0
1434,0
1825,0
1968,0
2661,0
3174,0
4842,0
8058,0
6244,0
6679,0
1625,0
2051,0
2500,0
2864,0
3246,0
4184,0
4720,0
7133,0
7525,0
7027,0
7894,0
1685,0
3623,0
2374,0
2782,0
3323,0
3896,0
4871,0
5084,0
5161,0
5209,0
6355,0
8013,0
6794,0
7956,0
8106,0
3780,0
6684,0
3237,0
3945,0
4139,0
4596,0
8043,0
5483,0
6623,0
7821,0
8112,0
976,0
1066,0
2269,0
2491,0
5558,0
238,0
1422,0
1456,0
2204,0
2582,0
2982,0
3746,0
4763,0
5983,0
6451,0
6837,0
7218,0
7419,0
6773,0
7109,0
7445,0
7494,0
3370,0
4945,0
6565,0
7145,0
7462,0
7960,0
4946,0
1989,0
4479,0
4869,0
4916,0
5078,0
5494,0
6114,0
6819,0
6776,0
8097,0
436,0
709,0
1148,0
2422,0
3008,0
4202,0
4285,0
5247,0
5542,0
7804,0
8010,0
8272,0
6999,0
7417,0
7663,0
507,0
891,0
1107,0
3022,0
4357,0
4450,0
5244,0
5718,0
6436,0
7156,0
7191,0
7232,0
7844,0
6810,0
8093,0
729,0
3294,0
3761,0
4602,0
6034,0
6446,0
6574,0
6672,0
6730,0
8023,0
6688,0
8072,0
8265,0
1527,0
4493,0
4754,0
5579,0
6507,0
6795,0
7576,0
1312,0
1839,0
2428,0
3907,0
4858,0
5300,0
7934,0
7941,0
369,0
1231,0
1461,0
1627,0
3495,0
4427,0
5888,0
7240,0
6752,0
7771,0
6638,0
1682,0
2008,0
2584,0
2636,0
3152,0
3901,0
4622,0
5781,0
6578,0
8157,0
6995,0
7600,0
7836,0
3185,0
3438,0
5167,0
5216,0
7476,0
7845,0
3943,0
5333,0
7923,0
8009,0
7972,0
8094,0
233,0
297,0
1355,0
1725,0
1900,0
4203,0
5648,0
8077,0
8138,0
156,0
288,0
1170,0
1426,0
1739,0
2143,0
3322,0
4100,0
6175,0
6190,0
7524,0
7599,0
6854,0
8205,0
531,0
754,0
2910,0
1068,0
1606,0
1917,0
2748,0
5114,0
5365,0
5846,0
5909,0
7483,0
6798,0
6978,0
7347,0
7420,0
1713,0
2716,0
3097,0
5535,0
6847,0
7563,0
5410,0
8080,0
2513,0
3628,0
3817,0
7427,0
7585,0
8114,0
6683,0
7736,0
8140,0
8253,0
638,0
755,0
1120,0
2824,0
6258,0
7151,0
7474,0
7187,0
7170,0
7466,0
7615,0
7250,0
2890,0
7297,0
5224,0
5336,0
7704,0
6678,0
965,0
1209,0
2261,0
2788,0
3398,0
5018,0
7797,0
6990,0
7342,0
7826,0
1710,0
3493,0
3545,0
5971,0
6379,0
6834,0
7111,0
7999,0
8091,0
1370,0
3165,0
3690,0
4494,0
5508,0
7760,0
6947,0
7832,0
8101,0
450,0
1262,0
1558,0
3270,0
3332,0
3840,0
4108,0
4406,0
6974,0
7870,0
7112,0
7732,0
7892,0
8155,0
294,0
293,0
3701,0
3382,0
4023,0
117,0
576,0
1399,0
2884,0
3158,0
3344,0
3704,0
5249,0
5370,0
6802,0
8165,0
605,0
5442,0
6281,0
6580,0
7260,0
7608,0
8001,0
7184,0
7459,0
821,0
1755,0
3531,0
5138,0
6981,0
7522,0
877,0
1578,0
1591,0
2259,0
2574,0
2632,0
3668,0
4248,0
4996,0
6457,0
7360,0
8147,0
7065,0
7602,0
416,0
437,0
751,0
1264,0
3217,0
5476,0
5659,0
6861,0
8131,0
8260,0
6749,0
7203,0
7034,0
511,0
731,0
1561,0
2352,0
2761,0
4090,0
7173,0
7486,0
7549,0
8120,0
7957,0
1096,0
1996,0
2050,0
832,0
1181,0
2577,0
2614,0
4612,0
5765,0
6698,0
7082,0
7210,0
7538,0
114,0
242,0
430,0
5631,0
1317,0
3257,0
3564,0
5646,0
5687,0
6187,0
6259,0
6782,0
6927,0
7613,0
8062,0
1256,0
5507,0
5578,0
6005,0
6495,0
6674,0
7554,0
6697,0
7178,0
8027,0
555,0
1410,0
2861,0
2944,0
3169,0
4454,0
5330,0
5970,0
6516,0
6673,0
6836,0
8096,0
8100,0
4143,0
4209,0
6646,0
7617,0
7751,0
8252,0
6696,0
382,0
393,0
593,0
2023,0
2771,0
3245,0
5856,0
5892,0
6287,0
6633,0
7535,0
8254,0
6928,0
2489,0
2606,0
2885,0
5688,0
7456,0
7706,0
7982,0
1914,0
2132,0
4957,0
5024,0
6031,0
6815,0
7036,0
6828,0
7226,0
7848,0
8014,0
1225,0
1581,0
1881,0
7454,0
7571,0
8195,0
7106,0
8118,0
2450,0
3968,0
4909,0
5518,0
5782,0
6485,0
7430,0
7891,0
8102,0
7626,0
159,0
239,0
867,0
2070,0
2125,0
3795,0
4675,0
5005,0
5678,0
7355,0
7940,0
8197,0
6824,0
1332,0
1602,0
2858,0
4304,0
5541,0
5987,0
6644,0
8064,0
811,0
1450,0
2445,0
4149,0
4283,0
4516,0
4716,0
7705,0
8063,0
8214,0
547,0
1274,0
7042,0
1715,0
2529,0
3374,0
4950,0
4965,0
5731,0
6030,0
6470,0
7930,0
7974,0
2945,0
3016,0
4473,0
5431,0
5689,0
6968,0
8115,0
7881,0
7619,0
8180,0
2238,0
2865,0
3426,0
5159,0
6017,0
6042,0
6056,0
6587,0
7070,0
6936,0
7125,0
7468,0
7509,0
1155,0
4523,0
4553,0
5598,0
5622,0
6193,0
4658,0
1960,0
2147,0
2563,0
5939,0
5958,0
7127,0
7514,0
7942,0
480,0
1902,0
2881,0
212,0
4129,0
4340,0
4766,0
7457,0
8076,0
7270,0
8075,0
3356,0
3400,0
3783,0
5685,0
7158,0
7448,0
2417,0
2419,0
5533,0
2663,0
3986,0
4749,0
5332,0
6247,0
6787,0
7991,0
7008,0
7298,0
6960,0
7001,0
7118,0
6691,0
3146,0
3206,0
3331,0
5424,0
6135,0
6818,0
7465,0
6793,0
7883,0
8193,0
149,0
2331,0
3341,0
3467,0
3730,0
4025,0
4700,0
4910,0
5031,0
5422,0
7310,0
7993,0
289,0
550,0
774,0
2021,0
3132,0
3632,0
3694,0
3878,0
4274,0
4743,0
6454,0
7426,0
7503,0
8015,0
8270,0
1376,0
8028,0
5202,0
5448,0
6416,0
8236,0
551,0
818,0
1088,0
1895,0
3698,0
3964,0
5401,0
5611,0
7995,0
8086,0
7851,0
472,0
1072,0
2514,0
6199,0
6738,0
7199,0
7458,0
7905,0
8264,0
516,0
2850,0
3143,0
3311,0
3621,0
4911,0
5923,0
7636,0
7611,0
7801,0
7828,0
8199,0
2024,0
2783,0
3342,0
3423,0
3651,0
4477,0
5315,0
6728,0
7234,0
357,0
1474,0
1590,0
2487,0
4105,0
4805,0
5154,0
5287,0
6410,0
7950,0
8088,0
7678,0
599,0
6389,0
6426,0
6579,0
8231,0
7140,0
776,0
1929,0
2471,0
2891,0
3425,0
7986,0
397,0
409,0
211,0
1806,0
1894,0
3596,0
4890,0
6689,0
384,0
1295,0
2103,0
3091,0
3214,0
3602,0
4393,0
6178,0
6232,0
7016,0
7495,0
7033,0
7783,0
563,0
2893,0
3990,0
4334,0
5609,0
6158,0
6710,0
6760,0
7165,0
7501,0
6862,0
7211,0
8251,0
1328,0
2949,0
3263,0
3514,0
4277,0
6539,0
7888,0
1675,0
2291,0
2733,0
2853,0
3941,0
6153,0
6985,0
7032,0
7920,0
8244,0
1359,0
4176,0
6778,0
6808,0
7610,0
8104,0
7800,0
8065,0
2068,0
2960,0
3129,0
5080,0
5414,0
5748,0
8158,0
253,0
969,0
2142,0
2218,0
2757,0
4470,0
5633,0
6940,0
7085,0
7193,0
7265,0
732,0
1258,0
1401,0
2313,0
3844,0
5019,0
7840,0
6617,0
6963,0
7477,0
8242,0
181,0
1327,0
4692,0
6183,0
6266,0
6764,0
7135,0
7937,0
225,0
1067,0
1343,0
1677,0
4028,0
5054,0
8045,0
6943,0
7177,0
7469,0
6997,0
5373,0
5496,0
6878,0
7796,0
7802,0
2461,0
3592,0
3638,0
3753,0
4168,0
6089,0
7546,0
855,0
1115,0
1743,0
3784,0
3932,0
4671,0
4674,0
7595,0
6735,0
7190,0
7938,0
210,0
1176,0
1458,0
1797,0
3363,0
3418,0
3684,0
3998,0
5903,0
6581,0
7485,0
7205,0
734,0
775,0
1189,0
1503,0
3302,0
5077,0
5070,0
7221,0
8221,0
4396,0
5746,0
6477,0
7344,0
7777,0
7854,0
8137,0
6842,0
7189,0
3890,0
4492,0
5163,0
8000,0
735,0
1511,0
5878,0
5944,0
6922,0
7299,0
7467,0
123,0
1853,0
2089,0
2292,0
3637,0
4504,0
7204,0
5252,0
5337,0
5093,0
6751,0
7206,0
7441,0
1694,0
2404,0
4321,0
4592,0
5964,0
8182,0
6821,0
7044,0
7403,0
7703,0
7973,0
8238,0
3499,0
4010,0
4153,0
4460,0
5868,0
6677,0
6800,0
7461,0
6705,0
8049,0
8109,0
1273,0
2189,0
2232,0
2558,0
7959,0
2372,0
7735,0
6186,0
7581,0
7822,0
7850,0
8105,0
651,0
3218,0
4178,0
5540,0
5946,0
6275,0
7122,0
7572,0
8232,0
3427,0
5358,0
5767,0
6791,0
6586,0
7154,0
7830,0
7453,0
137,0
2196,0
6636,0
2057,0
3765,0
7482,0
7623,0
758,0
923,0
1634,0
1761,0
2301,0
2399,0
4284,0
6541,0
7285,0
7536,0
7721,0
7660,0
355,0
2916,0
3782,0
6986,0
7374,0
7431,0
7944,0
1178,0
1438,0
1699,0
4790,0
5047,0
6718,0
7003,0
7007,0
8103,0
6884,0
6998,0
7167,0
4886,0
5003,0
5461,0
6297,0
7095,0
7527,0
7852,0
7330,0
7742,0
7372,0
7914,0
1047,0
2429,0
3163,0
3166,0
6535,0
7371,0
7719,0
7869,0
6767,0
7724,0
1366,0
1546,0
3416,0
4695,0
6276,0
529,0
3133,0
4800,0
6265,0
7773,0
7472,0
7084,0
7103,0
7886,0
196,0
337,0
3594,0
4097,0
4566,0
5390,0
5269,0
7531,0
8177,0
6909,0
7128,0
7286,0
8054,0
2312,0
2420,0
2451,0
2639,0
3396,0
3448,0
5112,0
6205,0
8111,0
655,0
1188,0
3824,0
4106,0
5594,0
7413,0
7528,0
8061,0
569,0
693,0
2027,0
3696,0
5372,0
4409,0
6168,0
6761,0
7010,0
7157,0
4561,0
847,0
1975,0
2536,0
4804,0
5544,0
6466,0
7198,0
7287,0
1224,0
1324,0
2678,0
2295,0
2886,0
532,0
5567,0
7513,0
6829,0
6969,0
7969,0
1840,0
2361,0
2505,0
2827,0
3013,0
4794,0
6863,0
7124,0
7429,0
5793,0
1844,0
1933,0
2040,0
2054,0
2296,0
6858,0
4474,0
6706,0
7025,0
7954,0
7967,0
6826,0
4005,0
4761,0
4921,0
6713,0
7446,0
7470,0
1001,0
2543,0
4180,0
5086,0
8087,0
8190,0
7223,0
438,0
1329,0
3093,0
3552,0
3715,0
5353,0
5852,0
6254,0
6396,0
7392,0
7447,0
8133,0
8189,0
